imdb_id,collection_id,genre_id,runtime,release_year
tt0114709,10194.0,16.0,81.0,1995.0
tt0113228,119050.0,10749.0,101.0,1995.0
tt0113041,96871.0,35.0,106.0,1995.0
tt0113189,645.0,12.0,130.0,1995.0
tt0112453,117693.0,10751.0,78.0,1995.0
tt0112281,3167.0,80.0,90.0,1995.0
tt0113161,91698.0,35.0,105.0,1995.0
tt0112431,9435.0,14.0,89.0,1995.0
tt0113855,9818.0,28.0,101.0,1995.0
tt0114148,136214.0,12.0,81.0,1995.0
tt0116839,124935.0,28.0,92.0,1996.0
tt0113118,43563.0,35.0,91.0,1995.0
tt0116367,10924.0,27.0,108.0,1996.0
tt0114367,122017.0,27.0,108.0,1995.0
tt0117110,256377.0,28.0,100.0,1996.0
tt0110647,91430.0,14.0,95.0,1994.0
tt0112442,14890.0,28.0,118.0,1995.0
tt0112462,120794.0,28.0,121.0,1995.0
tt0112541,439053.0,35.0,83.0,1995.0
tt0112642,8819.0,14.0,100.0,1995.0
tt0112851,9649.0,53.0,104.0,1995.0
tt0112864,1570.0,28.0,128.0,1995.0
tt0112887,259398.0,28.0,80.0,1995.0
tt0113114,9328.0,12.0,95.0,1995.0
tt0113820,286162.0,28.0,92.0,1995.0
tt0113957,328073.0,80.0,114.0,1995.0
tt0114194,9068.0,14.0,98.0,1995.0
tt0114436,247294.0,18.0,128.0,1995.0
tt0114478,439053.0,35.0,112.0,1995.0
tt0114508,9887.0,878.0,108.0,1995.0
tt0114781,112399.0,28.0,100.0,1995.0
tt0111579,23170.0,18.0,135.0,1994.0
tt0112471,123800.0,18.0,105.0,1995.0
tt0109445,182813.0,35.0,92.0,1994.0
tt0109686,96665.0,35.0,107.0,1994.0
tt0113198,410261.0,10749.0,78.0,1995.0
tt0110148,217704.0,27.0,123.0,1994.0
tt0076759,10.0,12.0,121.0,1977.0
tt0113948,286948.0,878.0,83.0,1995.0
tt0110729,300546.0,18.0,99.0,1994.0
tt0114151,48188.0,18.0,106.0,1996.0
tt0111495,131.0,18.0,99.0,1994.0
tt0108394,131.0,18.0,98.0,1993.0
tt0111507,131.0,35.0,91.0,1994.0
tt0111333,144200.0,16.0,89.0,1994.0
tt0111070,53159.0,14.0,97.0,1994.0
tt0114608,115142.0,27.0,92.0,1995.0
tt0111280,115570.0,878.0,118.0,1994.0
tt0109040,3167.0,35.0,86.0,1994.0
tt0109444,192492.0,28.0,141.0,1994.0
tt0109506,9436.0,14.0,102.0,1994.0
tt0109813,351684.0,14.0,91.0,1994.0
tt0110357,94032.0,10751.0,89.0,1994.0
tt0111686,8581.0,27.0,112.0,1994.0
tt0110475,43072.0,10749.0,101.0,1994.0
tt0110622,37139.0,35.0,83.0,1994.0
tt0110989,167985.0,35.0,95.0,1994.0
tt0111257,43064.0,28.0,116.0,1994.0
tt0111438,170452.0,53.0,99.0,1994.0
tt0111301,261203.0,28.0,102.0,1994.0
tt0113043,439409.0,27.0,98.0,1995.0
tt0110027,8050.0,28.0,99.0,1994.0
tt0106220,11716.0,35.0,94.0,1993.0
tt0106292,162028.0,28.0,105.0,1993.0
tt0109254,85861.0,28.0,104.0,1994.0
tt0109439,150156.0,28.0,116.0,1994.0
tt0109729,252313.0,99.0,109.0,1994.0
tt0106965,9328.0,10751.0,112.0,1993.0
tt0106977,134011.0,12.0,130.0,1993.0
tt0107076,412680.0,28.0,97.0,1993.0
tt0107144,52988.0,28.0,86.0,1993.0
tt0110064,159600.0,35.0,100.0,1994.0
tt0107290,328.0,12.0,127.0,1993.0
tt0110657,8580.0,12.0,107.0,1994.0
tt0107978,5547.0,28.0,104.0,1993.0
tt0108071,462565.0,18.0,102.0,1993.0
tt0111143,105075.0,12.0,108.0,1994.0
tt0083658,422837.0,878.0,117.0,1982.0
tt0112572,224478.0,35.0,84.0,1995.0
tt0099785,9888.0,35.0,103.0,1990.0
tt0103639,86027.0,16.0,90.0,1992.0
tt0103064,528.0,28.0,137.0,1991.0
tt0096895,120794.0,14.0,126.0,1989.0
tt0102926,9743.0,80.0,119.0,1991.0
tt0101414,153010.0,10749.0,84.0,1991.0
tt0112625,98580.0,27.0,93.0,1995.0
tt0116552,43058.0,12.0,89.0,1996.0
tt0082509,141086.0,16.0,90.0,1981.0
tt0116514,8917.0,27.0,86.0,1996.0
tt0115509,140910.0,10749.0,82.0,1996.0
tt0117060,87359.0,12.0,110.0,1996.0
tt0116136,169452.0,14.0,103.0,1996.0
tt0112536,36694.0,28.0,90.0,1996.0
tt0048473,158391.0,18.0,125.0,1955.0
tt0052572,158391.0,18.0,117.0,1959.0
tt0058898,144146.0,18.0,100.0,1965.0
tt0117774,143766.0,28.0,114.0,1996.0
tt0108500,52888.0,14.0,107.0,1993.0
tt0113568,23026.0,28.0,83.0,1995.0
tt0112691,529.0,10751.0,30.0,1995.0
tt0115571,116661.0,28.0,115.0,1996.0
tt0070820,303969.0,18.0,85.0,1973.0
tt0117951,424202.0,18.0,93.0,1996.0
tt0116629,304378.0,28.0,145.0,1996.0
tt0116583,97456.0,18.0,91.0,1996.0
tt0117218,86028.0,14.0,95.0,1996.0
tt0118073,224478.0,35.0,90.0,1996.0
tt0115986,9436.0,28.0,84.0,1996.0
tt0117826,115142.0,27.0,87.0,1996.0
tt0116225,115838.0,28.0,97.0,1996.0
tt0068646,230.0,18.0,175.0,1972.0
tt0104558,269098.0,28.0,95.0,1992.0
tt0106544,269098.0,28.0,104.0,1993.0
tt0113596,19163.0,16.0,71.0,1995.0
tt0113253,91361.0,27.0,88.0,1995.0
tt0062622,4438.0,878.0,149.0,1968.0
tt0025878,47814.0,35.0,93.0,1934.0
tt0063350,261590.0,27.0,96.0,1968.0
tt0093229,242765.0,28.0,93.0,1985.0
tt0116000,10709.0,28.0,104.0,1996.0
tt0072653,87232.0,35.0,100.0,1975.0
tt0047977,181496.0,28.0,93.0,1955.0
tt0072951,90348.0,12.0,97.0,1975.0
tt0064603,12087.0,35.0,107.0,1968.0
tt0071607,12087.0,10749.0,88.0,1974.0
tt0055277,216395.0,35.0,129.0,1961.0
tt0107131,43058.0,12.0,84.0,1993.0
tt0053271,294519.0,35.0,104.0,1959.0
tt0042332,55419.0,10751.0,74.0,1950.0
tt0038166,271668.0,16.0,71.0,1944.0
tt0082406,100970.0,12.0,82.0,1981.0
tt0116361,355490.0,35.0,110.0,1996.0
tt0095016,1570.0,28.0,131.0,1988.0
tt0104692,124935.0,27.0,108.0,1992.0
tt0115491,86027.0,12.0,81.0,1996.0
tt0092890,86058.0,18.0,100.0,1987.0
tt0098627,118221.0,35.0,97.0,1989.0
tt0103772,86336.0,53.0,127.0,1992.0
tt0115885,115225.0,27.0,85.0,1996.0
tt0072081,937.0,9648.0,113.0,1975.0
tt0082340,115838.0,878.0,99.0,1981.0
tt0082533,174218.0,18.0,91.0,1981.0
tt0091288,39460.0,18.0,120.0,1986.0
tt0091480,39460.0,18.0,120.0,1986.0
tt0108598,529.0,16.0,30.0,1993.0
tt0112483,153948.0,28.0,90.0,1995.0
tt0078446,33071.0,35.0,86.0,1978.0
tt0080684,10.0,12.0,124.0,1980.0
tt0082971,84.0,12.0,115.0,1981.0
tt0090605,8091.0,27.0,137.0,1986.0
tt0060196,48317.0,37.0,161.0,1966.0
tt0086190,10.0,12.0,135.0,1983.0
tt0078748,8091.0,27.0,117.0,1979.0
tt0106308,1960.0,14.0,81.0,1992.0
tt0054215,119674.0,18.0,109.0,1960.0
tt0080455,112636.0,10402.0,133.0,1980.0
tt0071562,230.0,18.0,200.0,1974.0
tt0104361,529.0,12.0,23.0,1990.0
tt0070735,330605.0,35.0,129.0,1973.0
tt0088247,528.0,28.0,108.0,1984.0
tt0071315,359005.0,80.0,130.0,1974.0
tt0092991,1960.0,27.0,84.0,1987.0
tt0088763,264.0,12.0,116.0,1985.0
tt0091203,8050.0,12.0,116.0,1986.0
tt0032455,55427.0,16.0,124.0,1940.0
tt0085809,173344.0,99.0,87.0,1982.0
tt0097576,84.0,12.0,127.0,1989.0
tt0103644,8091.0,878.0,114.0,1992.0
tt0103678,397842.0,27.0,91.0,1992.0
tt0085159,397842.0,27.0,105.0,1983.0
tt0115535,397842.0,27.0,93.0,1996.0
tt0106262,397842.0,27.0,90.0,1993.0
tt0083550,397842.0,27.0,104.0,1982.0
tt0078767,397842.0,18.0,117.0,1979.0
tt0099030,397842.0,27.0,91.0,1989.0
tt0051418,422193.0,27.0,86.0,1958.0
tt0026138,218406.0,27.0,75.0,1935.0
tt0103919,98580.0,18.0,99.0,1992.0
tt0074285,257053.0,27.0,98.0,1976.0
tt0087800,8581.0,27.0,91.0,1984.0
tt0075005,10919.0,27.0,111.0,1976.0
tt0115751,498.0,18.0,159.0,1996.0
tt0117731,115570.0,878.0,111.0,1996.0
tt0116705,307637.0,10751.0,89.0,1996.0
tt0117293,105629.0,99.0,150.0,1996.0
tt0115433,124916.0,35.0,103.0,1996.0
tt0099423,1570.0,28.0,124.0,1990.0
tt0079945,151.0,878.0,132.0,1979.0
tt0102975,151.0,878.0,113.0,1991.0
tt0098382,151.0,878.0,107.0,1989.0
tt0084726,151.0,28.0,113.0,1982.0
tt0088170,151.0,878.0,105.0,1984.0
tt0092007,151.0,878.0,119.0,1986.0
tt0103776,120794.0,28.0,126.0,1992.0
tt0096487,9329.0,80.0,107.0,1988.0
tt0100994,9329.0,37.0,132.0,1990.0
tt0077631,86083.0,10749.0,110.0,1978.0
tt0084021,86083.0,35.0,115.0,1982.0
tt0105690,112399.0,28.0,103.0,1992.0
tt0073195,2366.0,27.0,124.0,1975.0
tt0077766,2366.0,27.0,116.0,1978.0
tt0085750,2366.0,53.0,99.0,1983.0
tt0117571,2602.0,80.0,111.0,1996.0
tt0120390,166379.0,28.0,100.0,1997.0
tt0116704,269098.0,28.0,107.0,1996.0
tt0119640,393564.0,28.0,108.0,1997.0
tt0120434,108693.0,35.0,93.0,1997.0
tt0120053,86224.0,53.0,116.0,1997.0
tt0118064,207952.0,35.0,100.0,1996.0
tt0120389,286162.0,28.0,99.0,1997.0
tt0118615,105995.0,12.0,89.0,1997.0
tt0118655,1006.0,878.0,94.0,1997.0
tt0120479,174407.0,14.0,103.0,1997.0
tt0119809,259398.0,878.0,82.0,1997.0
tt0119567,328.0,12.0,129.0,1997.0
tt0120118,331475.0,18.0,93.0,1996.0
tt0120179,43064.0,28.0,121.0,1997.0
tt0118688,120794.0,28.0,125.0,1997.0
tt0105569,182923.0,878.0,83.0,1992.0
tt0119654,86055.0,28.0,98.0,1997.0
tt0082198,43055.0,12.0,129.0,1982.0
tt0119190,126221.0,12.0,92.0,1997.0
tt0118570,97445.0,35.0,98.0,1997.0
tt0119152,9328.0,12.0,86.0,1997.0
tt0119675,10721.0,14.0,105.0,1997.0
tt0099810,192492.0,28.0,134.0,1990.0
tt0119468,142680.0,18.0,115.0,1997.0
tt0120524,135489.0,27.0,90.0,1997.0
tt0119345,3601.0,27.0,100.0,1997.0
tt0118689,103372.0,35.0,85.0,1997.0
tt0120201,10522.0,12.0,129.0,1997.0
tt0119707,9818.0,28.0,95.0,1997.0
tt0118583,8091.0,878.0,109.0,1997.0
tt0118764,372479.0,35.0,107.0,1997.0
tt0119303,9888.0,35.0,102.0,1997.0
tt0120082,2602.0,27.0,120.0,1997.0
tt0120347,645.0,12.0,119.0,1997.0
tt0119925,351886.0,18.0,177.0,1997.0
tt0118539,71458.0,28.0,93.0,1998.0
tt0118643,9068.0,14.0,87.0,1998.0
tt0118747,112636.0,10402.0,123.0,1998.0
tt0120873,134011.0,53.0,131.0,1998.0
tt0120890,33059.0,53.0,108.0,1998.0
tt0120598,350402.0,10751.0,76.0,1998.0
tt0120773,221966.0,12.0,97.0,1998.0
tt0120841,9887.0,878.0,93.0,1998.0
tt0120742,97771.0,35.0,107.0,1998.0
tt0122529,378453.0,35.0,137.0,1997.0
tt0120762,87236.0,16.0,88.0,1998.0
tt0120902,19387.0,9648.0,121.0,1998.0
tt0118998,3169.0,35.0,85.0,1998.0
tt0122151,945.0,28.0,127.0,1998.0
tt0067116,155474.0,28.0,104.0,1971.0
tt0075148,1575.0,18.0,119.0,1976.0
tt0089686,8581.0,27.0,87.0,1985.0
tt0093629,8581.0,27.0,96.0,1987.0
tt0095742,8581.0,27.0,99.0,1988.0
tt0097981,8581.0,27.0,89.0,1989.0
tt0101917,8581.0,27.0,89.0,1991.0
tt0080761,9735.0,27.0,95.0,1980.0
tt0082418,9735.0,27.0,87.0,1981.0
tt0083972,9735.0,27.0,95.0,1982.0
tt0087298,9735.0,27.0,91.0,1984.0
tt0089173,9735.0,27.0,92.0,1985.0
tt0091080,9735.0,27.0,86.0,1986.0
tt0095179,9735.0,27.0,88.0,1988.0
tt0097388,9735.0,27.0,100.0,1989.0
tt0077651,91361.0,27.0,91.0,1978.0
tt0082495,91361.0,27.0,92.0,1981.0
tt0085636,91361.0,27.0,98.0,1982.0
tt0095271,91361.0,27.0,88.0,1988.0
tt0097474,91361.0,27.0,96.0,1989.0
tt0081383,123255.0,27.0,92.0,1980.0
tt0093176,123255.0,27.0,97.0,1987.0
tt0098136,123255.0,53.0,97.0,1990.0
tt0105179,123255.0,27.0,92.0,1992.0
tt0094862,10455.0,27.0,87.0,1988.0
tt0099253,10455.0,18.0,84.0,1990.0
tt0103956,10455.0,53.0,90.0,1991.0
tt0084516,10453.0,27.0,114.0,1982.0
tt0091778,10453.0,27.0,91.0,1986.0
tt0095889,10453.0,27.0,98.0,1988.0
tt0070047,12263.0,18.0,122.0,1973.0
tt0076009,12263.0,27.0,118.0,1977.0
tt0099528,12263.0,53.0,110.0,1990.0
tt0093409,945.0,12.0,110.0,1987.0
tt0097733,945.0,28.0,114.0,1989.0
tt0104714,945.0,12.0,118.0,1992.0
tt0087363,89151.0,14.0,106.0,1984.0
tt0099700,89151.0,35.0,106.0,1990.0
tt0120746,1657.0,28.0,136.0,1998.0
tt0096874,264.0,12.0,108.0,1989.0
tt0099088,264.0,12.0,118.0,1990.0
tt0069113,372257.0,28.0,117.0,1972.0
tt0054594,294468.0,35.0,96.0,1961.0
tt0078790,87232.0,35.0,88.0,1979.0
tt0034492,87250.0,16.0,70.0,1942.0
tt0099674,230.0,80.0,162.0,1990.0
tt0065566,297143.0,35.0,91.0,1969.0
tt0109520,10709.0,28.0,106.0,1994.0
tt0080861,12087.0,14.0,110.0,1980.0
tt0076137,12087.0,10749.0,105.0,1977.0
tt0104437,72119.0,12.0,89.0,1992.0
tt0097523,72119.0,12.0,93.0,1989.0
tt0061852,97459.0,10751.0,78.0,1967.0
tt0048280,97460.0,10751.0,76.0,1955.0
tt0097757,33085.0,16.0,83.0,1989.0
tt0104868,10709.0,35.0,101.0,1992.0
tt0104940,256377.0,35.0,85.0,1992.0
tt0055254,100693.0,12.0,79.0,1961.0
tt0046183,55422.0,16.0,77.0,1953.0
tt0100477,57971.0,12.0,77.0,1990.0
tt0076618,57971.0,14.0,78.0,1977.0
tt0078158,90348.0,12.0,95.0,1978.0
tt0107952,86027.0,10751.0,69.0,1994.0
tt0075200,294519.0,35.0,91.0,1976.0
tt0057518,294468.0,35.0,100.0,1963.0
tt0088161,248126.0,35.0,111.0,1984.0
tt0084827,63043.0,878.0,96.0,1982.0
tt0120694,91361.0,27.0,86.0,1998.0
tt0087469,84.0,12.0,118.0,1984.0
tt0077869,141290.0,14.0,132.0,1978.0
tt0087050,115225.0,18.0,93.0,1984.0
tt0096787,140910.0,18.0,89.0,1989.0
tt0101272,11716.0,27.0,99.0,1991.0
tt0070016,263193.0,16.0,94.0,1973.0
tt0084649,141292.0,14.0,82.0,1982.0
tt0090633,8783.0,18.0,80.0,1986.0
tt0101329,8783.0,12.0,75.0,1991.0
tt0091223,102782.0,35.0,93.0,1986.0
tt0093220,102782.0,14.0,88.0,1987.0
tt0080801,87805.0,28.0,109.0,1980.0
tt0097443,87805.0,28.0,98.0,1989.0
tt0140796,97445.0,35.0,90.0,1998.0
tt0116516,143755.0,80.0,84.0,1996.0
tt0099763,143755.0,80.0,83.0,1986.0
tt0063522,264338.0,27.0,136.0,1968.0
tt0088323,91430.0,18.0,102.0,1984.0
tt0100240,91430.0,18.0,89.0,1990.0
tt0080391,47983.0,35.0,87.0,1978.0
tt0120611,735.0,27.0,120.0,1998.0
tt0123755,432.0,53.0,90.0,1997.0
tt0120812,90863.0,28.0,98.0,1998.0
tt0146336,52760.0,27.0,99.0,1998.0
tt0084787,479888.0,27.0,109.0,1982.0
tt0086837,4438.0,53.0,116.0,1984.0
tt0144120,10455.0,27.0,89.0,1998.0
tt0120877,348843.0,28.0,108.0,1998.0
tt0127536,100286.0,18.0,124.0,1998.0
tt0130018,3601.0,27.0,100.0,1998.0
tt0073747,374384.0,27.0,117.0,1975.0
tt0134067,57129.0,16.0,79.0,1998.0
tt0047034,374509.0,53.0,96.0,1954.0
tt0087344,374511.0,28.0,87.0,1984.0
tt0056142,374509.0,28.0,98.0,1962.0
tt0024216,135495.0,28.0,100.0,1933.0
tt0074751,135498.0,12.0,134.0,1976.0
tt0091344,135498.0,28.0,105.0,1986.0
tt0089155,104833.0,35.0,98.0,1985.0
tt0097366,104833.0,35.0,95.0,1989.0
tt0089893,43055.0,12.0,89.0,1985.0
tt0090264,645.0,12.0,131.0,1985.0
tt0087928,9338.0,35.0,96.0,1984.0
tt0089822,9338.0,35.0,87.0,1985.0
tt0091777,9338.0,35.0,83.0,1986.0
tt0093756,9338.0,35.0,88.0,1987.0
tt0095882,9338.0,35.0,90.0,1988.0
tt0098105,9338.0,35.0,84.0,1989.0
tt0120595,9435.0,12.0,92.0,1998.0
tt0120844,115570.0,878.0,103.0,1998.0
tt0089880,5039.0,28.0,96.0,1985.0
tt0083944,5039.0,28.0,93.0,1982.0
tt0095956,5039.0,28.0,102.0,1988.0
tt0089370,89264.0,28.0,106.0,1985.0
tt0088011,89264.0,28.0,106.0,1984.0
tt0088933,86307.0,35.0,117.0,1985.0
tt0094890,86307.0,35.0,116.0,1988.0
tt0079817,1575.0,18.0,119.0,1979.0
tt0084602,1575.0,18.0,99.0,1982.0
tt0089927,1575.0,18.0,91.0,1985.0
tt0100507,1575.0,18.0,104.0,1990.0
tt0087538,8580.0,18.0,126.0,1984.0
tt0091326,8580.0,12.0,113.0,1986.0
tt0097647,8580.0,10751.0,112.0,1989.0
tt0097958,108693.0,35.0,97.0,1989.0
tt0093075,340623.0,27.0,85.0,1987.0
tt0099636,340623.0,27.0,93.0,1990.0
tt0051622,123213.0,18.0,94.0,1958.0
tt0091064,109609.0,27.0,96.0,1986.0
tt0097368,109609.0,27.0,105.0,1989.0
tt0072271,111751.0,27.0,83.0,1974.0
tt0092076,111751.0,27.0,101.0,1986.0
tt0099994,111751.0,27.0,81.0,1990.0
tt0110978,111751.0,27.0,95.0,1994.0
tt0090555,9332.0,12.0,97.0,1986.0
tt0092493,9332.0,12.0,110.0,1988.0
tt0090863,387219.0,18.0,119.0,1986.0
tt0134273,387618.0,53.0,123.0,1999.0
tt0098084,10789.0,18.0,103.0,1989.0
tt0105128,10789.0,27.0,100.0,1992.0
tt0106557,115225.0,27.0,92.0,1993.0
tt0109415,115225.0,53.0,92.0,1995.0
tt0065377,33938.0,28.0,137.0,1970.0
tt0071110,33938.0,28.0,107.0,1974.0
tt0075648,33938.0,28.0,114.0,1977.0
tt0080354,124934.0,27.0,91.0,1980.0
tt0070909,166698.0,28.0,88.0,1973.0
tt0063442,1709.0,878.0,112.0,1968.0
tt0065462,1709.0,12.0,95.0,1970.0
tt0069768,1709.0,28.0,93.0,1973.0
tt0068408,1709.0,28.0,88.0,1972.0
tt0067065,1709.0,28.0,98.0,1971.0
tt0078740,33938.0,28.0,123.0,1979.0
tt0078856,372257.0,28.0,114.0,1979.0
tt0122933,110127.0,35.0,103.0,1999.0
tt0139134,52789.0,18.0,97.0,1999.0
tt0144814,257053.0,27.0,104.0,1999.0
tt0133093,2344.0,28.0,136.0,1999.0
tt0120616,1733.0,12.0,124.0,1999.0
tt0115693,205860.0,28.0,99.0,1996.0
tt0120915,10.0,12.0,136.0,1999.0
tt0023245,221544.0,27.0,73.0,1932.0
tt0053085,138965.0,27.0,86.0,1959.0
tt0037098,221544.0,27.0,62.0,1944.0
tt0037099,221544.0,27.0,61.0,1944.0
tt0032818,221544.0,27.0,67.0,1940.0
tt0035096,221544.0,18.0,60.0,1942.0
tt0078346,8537.0,28.0,143.0,1978.0
tt0081573,8537.0,28.0,127.0,1980.0
tt0086393,8537.0,35.0,125.0,1983.0
tt0094074,8537.0,28.0,90.0,1987.0
tt0021814,221539.0,27.0,72.0,1931.0
tt0037793,221539.0,27.0,67.0,1945.0
tt0036931,218406.0,14.0,71.0,1944.0
tt0021884,218406.0,18.0,71.0,1931.0
tt0031951,218406.0,27.0,99.0,1939.0
tt0034786,218406.0,14.0,67.0,1942.0
tt0035899,259027.0,14.0,74.0,1943.0
tt0050280,123720.0,27.0,82.0,1957.0
tt0036376,221539.0,14.0,80.0,1943.0
tt0034398,259027.0,27.0,70.0,1941.0
tt0089308,174218.0,53.0,91.0,1985.0
tt0073629,281644.0,35.0,100.0,1975.0
tt0084745,87228.0,27.0,91.0,1982.0
tt0145660,1006.0,12.0,95.0,1999.0
tt0120855,106768.0,12.0,88.0,1999.0
tt0163651,2806.0,35.0,95.0,1999.0
tt0137439,104068.0,18.0,112.0,1998.0
tt0158811,256377.0,14.0,87.0,1999.0
tt0185937,64750.0,27.0,81.0,1999.0
tt0139414,97768.0,27.0,82.0,1999.0
tt0087332,2980.0,35.0,107.0,1984.0
tt0097428,2980.0,35.0,108.0,1989.0
tt0141369,237445.0,28.0,78.0,1999.0
tt0053198,185682.0,18.0,99.0,1959.0
tt0092534,135502.0,28.0,99.0,1986.0
tt0077394,10919.0,28.0,107.0,1978.0
tt0082377,10919.0,18.0,108.0,1981.0
tt0080339,91663.0,35.0,88.0,1980.0
tt0083530,91663.0,35.0,85.0,1982.0
tt0089670,108693.0,12.0,95.0,1985.0
tt0085995,108693.0,35.0,98.0,1983.0
tt0100419,180854.0,35.0,81.0,1990.0
tt0102719,180854.0,35.0,90.0,1991.0
tt0085334,201873.0,35.0,94.0,1983.0
tt0176269,10713.0,28.0,82.0,1999.0
tt0105698,10713.0,53.0,102.0,1992.0
tt0091278,123251.0,28.0,117.0,1986.0
tt0095382,123251.0,28.0,105.0,1988.0
tt0103617,123251.0,28.0,98.0,1992.0
tt0113438,123251.0,28.0,96.0,1995.0
tt0010726,189295.0,12.0,69.0,1919.0
tt0164181,143757.0,27.0,99.0,1999.0
tt0089175,98168.0,27.0,106.0,1985.0
tt0097390,98168.0,35.0,104.0,1988.0
tt0099558,146136.0,28.0,106.0,1991.0
tt0091431,146136.0,12.0,88.0,1986.0
tt0079714,47770.0,27.0,89.0,1979.0
tt0086154,119674.0,27.0,113.0,1983.0
tt0091799,119674.0,27.0,93.0,1986.0
tt0080179,12203.0,28.0,111.0,1978.0
tt0061578,124492.0,28.0,150.0,1967.0
tt0058150,645.0,12.0,110.0,1964.0
tt0057076,645.0,28.0,115.0,1963.0
tt0055928,645.0,12.0,110.0,1962.0
tt0080453,59586.0,10749.0,104.0,1980.0
tt0058461,48317.0,37.0,99.0,1964.0
tt0104431,9888.0,35.0,120.0,1992.0
tt0079709,380822.0,28.0,99.0,1979.0
tt0084485,380822.0,28.0,108.0,1982.0
tt0203408,122947.0,27.0,100.0,1999.0
tt0200469,381396.0,27.0,91.0,1999.0
tt0168501,243598.0,18.0,120.0,1999.0
tt0059319,89188.0,53.0,109.0,1965.0
tt0067527,391047.0,99.0,96.0,1971.0
tt0093870,5547.0,28.0,102.0,1987.0
tt0100502,5547.0,28.0,117.0,1990.0
tt0082398,645.0,12.0,127.0,1981.0
tt0097742,645.0,12.0,133.0,1989.0
tt0070328,645.0,12.0,121.0,1973.0
tt0059800,645.0,12.0,130.0,1965.0
tt0185371,248339.0,27.0,93.0,1999.0
tt0099180,98036.0,35.0,96.0,1989.0
tt0083767,107725.0,27.0,120.0,1982.0
tt0092796,107725.0,27.0,92.0,1987.0
tt0089885,98036.0,878.0,86.0,1985.0
tt0078087,212279.0,27.0,94.0,1978.0
tt0048380,398740.0,35.0,123.0,1955.0
tt0079540,48037.0,35.0,92.0,1979.0
tt0087700,48037.0,35.0,86.0,1984.0
tt0093516,48037.0,35.0,96.0,1986.0
tt0104837,48037.0,35.0,84.0,1992.0
tt0190641,34055.0,16.0,75.0,1998.0
tt0101605,207952.0,35.0,118.0,1991.0
tt0105156,48188.0,53.0,93.0,1992.0
tt0119908,48188.0,53.0,93.0,1997.0
tt0164312,95051.0,99.0,139.0,1998.0
tt0143145,645.0,12.0,128.0,1999.0
tt0120363,10194.0,16.0,92.0,1999.0
tt0100828,359005.0,80.0,138.0,1990.0
tt0205000,95664.0,35.0,88.0,1999.0
tt0067328,135509.0,18.0,118.0,1971.0
tt0051337,321063.0,28.0,88.0,1958.0
tt0164912,99727.0,16.0,84.0,1999.0
tt0120910,55427.0,16.0,74.0,1999.0
tt0195945,43563.0,35.0,98.0,2000.0
tt0106364,421904.0,28.0,76.0,1993.0
tt0105417,103573.0,10402.0,100.0,1992.0
tt0108147,103573.0,10402.0,107.0,1993.0
tt0105793,8979.0,10402.0,94.0,1992.0
tt0108525,8979.0,10402.0,95.0,1993.0
tt0105112,192492.0,18.0,117.0,1992.0
tt0104815,9649.0,28.0,81.0,1992.0
tt0104040,110179.0,35.0,101.0,1992.0
tt0134084,2602.0,27.0,116.0,2000.0
tt0105414,338282.0,53.0,107.0,1992.0
tt0144117,87186.0,28.0,108.0,1999.0
tt0062376,327598.0,18.0,105.0,1967.0
tt0134847,2794.0,53.0,108.0,2000.0
tt0190138,103577.0,35.0,98.0,2000.0
tt0074695,93568.0,18.0,132.0,1977.0
tt0069704,124950.0,35.0,110.0,1973.0
tt0079588,256377.0,12.0,97.0,1979.0
tt0087755,256377.0,10749.0,94.0,1984.0
tt0195714,8864.0,27.0,98.0,2000.0
tt0071402,14377.0,28.0,93.0,1974.0
tt0082250,14377.0,28.0,88.0,1982.0
tt0089003,14377.0,28.0,92.0,1985.0
tt0092857,14377.0,53.0,99.0,1987.0
tt0109578,14377.0,28.0,95.0,1994.0
tt0100758,1582.0,878.0,93.0,1990.0
tt0103060,1582.0,878.0,88.0,1991.0
tt0108308,1582.0,28.0,96.0,1993.0
tt0092675,36694.0,28.0,92.0,1988.0
tt0107050,119050.0,35.0,103.0,1993.0
tt0054997,387219.0,18.0,134.0,1961.0
tt0192614,8647.0,80.0,106.0,2000.0
tt0063374,221966.0,35.0,106.0,1968.0
tt0077572,366826.0,28.0,118.0,1978.0
tt0059287,338327.0,35.0,93.0,1965.0
tt0082031,170754.0,35.0,97.0,1981.0
tt0086927,466318.0,35.0,105.0,1984.0
tt0093773,399.0,878.0,107.0,1987.0
tt0144084,86105.0,53.0,102.0,2000.0
tt0166175,159616.0,35.0,97.0,1999.0
tt0080487,104847.0,35.0,98.0,1980.0
tt0132910,9436.0,28.0,102.0,2000.0
tt0158622,351684.0,878.0,90.0,2000.0
tt0154421,498.0,18.0,117.0,1998.0
tt0106521,256484.0,27.0,83.0,1993.0
tt0112634,256484.0,27.0,83.0,1995.0
tt0115834,256484.0,28.0,85.0,1996.0
tt0093185,175858.0,28.0,96.0,1987.0
tt0080923,127280.0,27.0,107.0,1980.0
tt0060749,342009.0,18.0,91.0,1966.0
tt0210616,246839.0,18.0,115.0,2000.0
tt0089791,179244.0,12.0,90.0,1985.0
tt0036326,271668.0,16.0,42.0,1942.0
tt0215129,96679.0,35.0,93.0,2000.0
tt0120755,87359.0,12.0,123.0,2000.0
tt0184894,59567.0,12.0,110.0,2000.0
tt0064757,645.0,12.0,142.0,1969.0
tt0076752,645.0,12.0,125.0,1977.0
tt0079574,645.0,28.0,126.0,1979.0
tt0071807,645.0,12.0,125.0,1974.0
tt0208003,44979.0,80.0,98.0,2000.0
tt0060371,252313.0,99.0,95.0,1966.0
tt0054953,366826.0,28.0,158.0,1961.0
tt0062168,123726.0,27.0,97.0,1967.0
tt0050873,123726.0,27.0,85.0,1957.0
tt0098143,107949.0,27.0,85.0,1989.0
tt0100438,107949.0,27.0,88.0,1990.0
tt0102728,107949.0,27.0,86.0,1991.0
tt0107899,107949.0,27.0,79.0,1993.0
tt0110916,107949.0,27.0,82.0,1994.0
tt0132451,107949.0,27.0,90.0,1998.0
tt0189047,107949.0,27.0,80.0,1999.0
tt0071206,424830.0,12.0,86.0,1974.0
tt0092638,424830.0,28.0,88.0,1987.0
tt0076044,424830.0,10751.0,85.0,1977.0
tt0082252,157671.0,99.0,100.0,1981.0
tt0094980,157671.0,99.0,93.0,1988.0
tt0059578,48317.0,37.0,132.0,1965.0
tt0070355,10456.0,28.0,124.0,1973.0
tt0084522,109592.0,35.0,94.0,1981.0
tt0086129,109592.0,35.0,98.0,1983.0
tt0089826,109592.0,35.0,92.0,1985.0
tt0090849,263866.0,27.0,85.0,1986.0
tt0090190,32135.0,878.0,82.0,1984.0
tt0098503,32135.0,35.0,96.0,1989.0
tt0098502,32135.0,35.0,102.0,1989.0
tt0100403,399.0,878.0,108.0,1990.0
tt0094631,174245.0,80.0,91.0,1988.0
tt0079501,8945.0,12.0,93.0,1979.0
tt0082694,8945.0,12.0,95.0,1981.0
tt0089530,8945.0,28.0,107.0,1985.0
tt0091635,121195.0,18.0,117.0,1986.0
tt0087262,207447.0,14.0,114.0,1984.0
tt0067741,495.0,12.0,100.0,1971.0
tt0162650,495.0,28.0,99.0,2000.0
tt0089118,171439.0,80.0,109.0,1986.0
tt0101846,171439.0,12.0,108.0,1991.0
tt0087727,46512.0,28.0,101.0,1984.0
tt0089604,46512.0,28.0,100.0,1985.0
tt0094792,46512.0,28.0,101.0,1988.0
tt0071569,321063.0,28.0,105.0,1973.0
tt0099800,159600.0,35.0,100.0,1990.0
tt0102065,159600.0,35.0,94.0,1991.0
tt0093608,173628.0,18.0,75.0,1987.0
tt0070679,495.0,12.0,112.0,1973.0
tt0069257,495.0,28.0,104.0,1972.0
tt0175142,4246.0,35.0,88.0,2000.0
tt0120903,748.0,12.0,104.0,2000.0
tt0210234,34055.0,12.0,84.0,1999.0
tt0076716,321063.0,28.0,113.0,1977.0
tt0144528,86028.0,14.0,106.0,2000.0
tt0164052,166376.0,28.0,112.0,2000.0
tt0095863,47770.0,28.0,97.0,1988.0
tt0110823,47770.0,27.0,91.0,1994.0
tt0138703,47770.0,27.0,90.0,1998.0
tt0095925,123256.0,14.0,86.0,1988.0
tt0086320,47391.0,27.0,85.0,1983.0
tt0071650,123249.0,53.0,96.0,1975.0
tt0209958,223564.0,27.0,107.0,2000.0
tt0188640,374512.0,12.0,107.0,1999.0
tt0095705,37139.0,35.0,85.0,1988.0
tt0102510,37139.0,35.0,85.0,1991.0
tt0160009,25410.0,80.0,117.0,2000.0
tt0204946,430186.0,35.0,98.0,2000.0
tt0144964,8050.0,28.0,87.0,2000.0
tt0187696,8412.0,27.0,103.0,2000.0
tt0192731,52760.0,27.0,97.0,2000.0
tt0168629,498.0,18.0,140.0,2000.0
tt0093177,8917.0,27.0,94.0,1987.0
tt0095294,8917.0,27.0,97.0,1988.0
tt0104409,8917.0,27.0,93.0,1992.0
tt0056860,338327.0,35.0,101.0,1963.0
tt0057887,338327.0,35.0,99.0,1964.0
tt0053219,123213.0,18.0,80.0,1959.0
tt0058440,338327.0,35.0,82.0,1964.0
tt0046876,221537.0,12.0,79.0,1954.0
tt0024184,259401.0,27.0,71.0,1933.0
tt0084695,138971.0,35.0,77.0,1982.0
tt0093996,138971.0,27.0,75.0,1987.0
tt0100639,138971.0,27.0,87.0,1990.0
tt0091990,138974.0,27.0,74.0,1986.0
tt0100663,138974.0,35.0,80.0,1990.0
tt0259974,39244.0,14.0,82.0,2000.0
tt0212338,51509.0,35.0,108.0,2000.0
tt0066832,240690.0,28.0,114.0,1971.0
tt0075754,240690.0,18.0,155.0,1977.0
tt0089200,44913.0,35.0,81.0,1984.0
tt0093091,44913.0,35.0,89.0,1987.0
tt0111512,12203.0,28.0,102.0,1994.0
tt0229260,64750.0,9648.0,90.0,2000.0
tt0160127,86029.0,28.0,98.0,2000.0
tt0066995,645.0,12.0,120.0,1971.0
tt0213203,57129.0,12.0,78.0,2000.0
tt0211181,124916.0,35.0,100.0,2000.0
tt0190332,290973.0,12.0,120.0,2000.0
tt0190374,106498.0,28.0,107.0,2000.0
tt0093428,645.0,28.0,130.0,1987.0
tt0094291,52783.0,80.0,126.0,1987.0
tt0120917,178117.0,12.0,78.0,2000.0
tt0212346,93220.0,35.0,111.0,2000.0
tt0219653,115822.0,53.0,99.0,2000.0
tt0083564,312735.0,35.0,127.0,1982.0
tt0206275,107469.0,18.0,112.0,2001.0
tt0092644,85861.0,28.0,100.0,1987.0
tt0086960,85861.0,28.0,105.0,1984.0
tt0092695,141282.0,14.0,90.0,1987.0
tt0092974,330555.0,35.0,92.0,1987.0
tt0083907,1960.0,27.0,85.0,1981.0
tt0093300,2366.0,12.0,89.0,1987.0
tt0093437,109076.0,27.0,97.0,1987.0
tt0093493,124951.0,14.0,89.0,1987.0
tt0190524,109082.0,18.0,96.0,2000.0
tt0118694,287016.0,18.0,98.0,2000.0
tt0212985,9743.0,80.0,131.0,2001.0
tt0265632,421084.0,878.0,83.0,2001.0
tt0046899,366444.0,28.0,101.0,1954.0
tt0066740,116847.0,35.0,94.0,1971.0
tt0091474,9743.0,80.0,119.0,1986.0
tt0088000,48190.0,35.0,90.0,1984.0
tt0093857,48190.0,35.0,98.0,1987.0
tt0087015,257571.0,27.0,88.0,1984.0
tt0227538,86486.0,28.0,88.0,2001.0
tt0164334,142680.0,80.0,104.0,2001.0
tt0189192,52888.0,35.0,88.0,2001.0
tt0235679,34055.0,12.0,93.0,2000.0
tt0243155,8936.0,35.0,97.0,2001.0
tt0245686,353325.0,9648.0,91.0,2001.0
tt0231402,9332.0,12.0,92.0,2001.0
tt0209163,1733.0,12.0,130.0,2001.0
tt0126029,2150.0,12.0,90.0,2001.0
tt0101587,150156.0,28.0,112.0,1991.0
tt0054130,441439.0,18.0,115.0,1961.0
tt0054047,110021.0,37.0,128.0,1960.0
tt0060897,110021.0,37.0,95.0,1966.0
tt0230011,100965.0,16.0,95.0,2001.0
tt0146316,2467.0,12.0,100.0,2001.0
tt0240462,3169.0,35.0,87.0,2001.0
tt0232500,9485.0,28.0,106.0,2001.0
tt0228786,3963.0,80.0,106.0,2000.0
tt0239395,87014.0,35.0,87.0,2001.0
tt0257106,4246.0,35.0,83.0,2001.0
tt0058953,338327.0,35.0,98.0,1965.0
tt0052216,421566.0,80.0,106.0,1958.0
tt0082136,101688.0,35.0,95.0,1981.0
tt0087032,101688.0,28.0,108.0,1984.0
tt0098369,101688.0,28.0,94.0,1989.0
tt0059124,427956.0,35.0,88.0,1965.0
tt0082163,33071.0,35.0,88.0,1981.0
tt0084788,33071.0,28.0,90.0,1982.0
tt0076786,127280.0,27.0,98.0,1977.0
tt0173840,140760.0,12.0,106.0,2001.0
tt0250494,86024.0,35.0,96.0,2001.0
tt0094678,170754.0,35.0,113.0,1988.0
tt0094744,179244.0,35.0,86.0,1988.0
tt0094824,104847.0,35.0,98.0,1988.0
tt0090887,10893.0,28.0,82.0,1986.0
tt0094919,10893.0,35.0,86.0,1988.0
tt0101627,10893.0,35.0,86.0,1991.0
tt0094963,10456.0,28.0,91.0,1988.0
tt0095088,182617.0,14.0,96.0,1988.0
tt0095107,330555.0,35.0,95.0,1988.0
tt0095334,174218.0,27.0,94.0,1988.0
tt0095489,19163.0,16.0,69.0,1988.0
tt0095990,101471.0,35.0,89.0,1988.0
tt0089907,101471.0,35.0,91.0,1985.0
tt0095993,89272.0,12.0,110.0,1988.0
tt0084296,89272.0,10751.0,104.0,1982.0
tt0096101,86347.0,35.0,110.0,1988.0
tt0091949,86347.0,35.0,98.0,1986.0
tt0096251,182923.0,27.0,67.0,1989.0
tt0096426,126220.0,27.0,95.0,1988.0
tt0088708,91945.0,28.0,95.0,1985.0
tt0092548,91945.0,28.0,90.0,1987.0
tt0096804,91945.0,28.0,89.0,1989.0
tt0106393,153948.0,28.0,101.0,1993.0
tt0096928,91746.0,12.0,90.0,1989.0
tt0097001,257571.0,27.0,85.0,1989.0
tt0097138,98853.0,28.0,86.0,1989.0
tt0097236,351230.0,14.0,114.0,1989.0
tt0097262,186102.0,18.0,104.0,1989.0
tt0085475,186102.0,18.0,95.0,1983.0
tt0097637,88735.0,28.0,101.0,1989.0
tt0097659,105322.0,28.0,97.0,1989.0
tt0097778,9521.0,35.0,93.0,1989.0
tt0097815,97771.0,35.0,107.0,1989.0
tt0163025,328.0,12.0,92.0,2001.0
tt0098193,87228.0,27.0,84.0,1989.0
tt0098194,87631.0,35.0,102.0,1989.0
tt0098206,224976.0,28.0,114.0,1989.0
tt0098385,138706.0,27.0,93.0,1989.0
tt0094035,138706.0,18.0,89.0,1987.0
tt0098622,87536.0,12.0,103.0,1989.0
tt0108517,87536.0,14.0,98.0,1993.0
tt0108539,118221.0,35.0,97.0,1993.0
tt0083624,104716.0,35.0,91.0,1982.0
tt0247638,107674.0,35.0,115.0,2001.0
tt0266915,90863.0,28.0,90.0,2001.0
tt0077288,239968.0,35.0,99.0,1978.0
tt0080489,239968.0,35.0,101.0,1980.0
tt0080377,168182.0,28.0,115.0,1980.0
tt0252866,2806.0,35.0,108.0,2001.0
tt0263488,94899.0,27.0,90.0,2001.0
tt0103596,71458.0,28.0,84.0,1992.0
tt0109015,71458.0,12.0,93.0,1994.0
tt0112255,71458.0,12.0,85.0,1995.0
tt0263728,122947.0,28.0,104.0,2001.0
tt0075132,383632.0,28.0,129.0,1976.0
tt0196229,352789.0,35.0,89.0,2001.0
tt0206314,166378.0,9648.0,97.0,2001.0
tt0082100,41649.0,18.0,110.0,1980.0
tt0080520,33071.0,28.0,99.0,1980.0
tt0066999,10456.0,28.0,102.0,1971.0
tt0246578,178106.0,14.0,113.0,2001.0
tt0198781,137696.0,16.0,92.0,2001.0
tt0080130,276838.0,27.0,97.0,1979.0
tt0241527,1241.0,12.0,152.0,2001.0
tt0062994,449750.0,18.0,149.0,1968.0
tt0083630,106000.0,28.0,118.0,1982.0
tt0060437,89188.0,53.0,102.0,1966.0
tt0080707,284024.0,28.0,101.0,1980.0
tt0074157,211753.0,12.0,90.0,1976.0
tt0074483,10456.0,28.0,96.0,1976.0
tt0076535,211753.0,12.0,90.0,1977.0
tt0086383,10456.0,28.0,117.0,1983.0
tt0159273,98513.0,28.0,106.0,2001.0
tt0240772,304.0,53.0,116.0,2001.0
tt0101452,91746.0,12.0,98.0,1991.0
tt0120737,119.0,12.0,178.0,2001.0
tt0068612,476056.0,16.0,78.0,1972.0
tt0071913,476056.0,16.0,77.0,1974.0
tt0105287,395591.0,18.0,99.0,1991.0
tt0099044,93295.0,53.0,95.0,1990.0
tt0087078,43055.0,12.0,103.0,1984.0
tt0083511,93295.0,53.0,96.0,1982.0
tt0108037,87214.0,35.0,101.0,1993.0
tt0280030,55422.0,12.0,72.0,2002.0
tt0247745,449462.0,35.0,100.0,2001.0
tt0073026,449750.0,35.0,136.0,1975.0
tt0069281,262011.0,53.0,138.0,1972.0
tt0238546,217704.0,18.0,101.0,2002.0
tt0301893,124879.0,28.0,88.0,2002.0
tt0074174,215326.0,35.0,102.0,1976.0
tt0077199,215326.0,35.0,91.0,1978.0
tt0075718,215326.0,35.0,100.0,1977.0
tt0048310,460292.0,12.0,86.0,1956.0
tt0051876,460292.0,28.0,81.0,1958.0
tt0216651,122952.0,28.0,103.0,2000.0
tt0104254,19160.0,14.0,76.0,1992.0
tt0080057,133923.0,27.0,91.0,1979.0
tt0081249,108669.0,28.0,94.0,1980.0
tt0081268,221308.0,14.0,94.0,1980.0
tt0076489,221308.0,14.0,98.0,1977.0
tt0268380,8354.0,16.0,81.0,2002.0
tt0120804,17255.0,27.0,100.0,2002.0
tt0040679,456980.0,35.0,91.0,1948.0
tt0035262,135441.0,35.0,82.0,1942.0
tt0032993,135441.0,35.0,85.0,1940.0
tt0038032,135441.0,35.0,90.0,1946.0
tt0034116,135441.0,35.0,91.0,1941.0
tt0097106,104068.0,35.0,103.0,1990.0
tt0081529,87220.0,28.0,100.0,1980.0
tt0076729,87220.0,28.0,96.0,1977.0
tt0086325,87220.0,28.0,85.0,1983.0
tt0081590,112537.0,35.0,107.0,1980.0
tt0187738,735.0,14.0,117.0,2002.0
tt0283111,43220.0,35.0,92.0,2002.0
tt0076723,261526.0,18.0,123.0,1977.0
tt0259446,389767.0,35.0,95.0,2002.0
tt0038890,256729.0,18.0,100.0,1945.0
tt0095989,47983.0,35.0,98.0,1988.0
tt0093854,406817.0,18.0,95.0,1987.0
tt0094137,107688.0,10751.0,102.0,1987.0
tt0098966,107688.0,35.0,104.0,1990.0
tt0277296,116669.0,28.0,92.0,2002.0
tt0211443,9735.0,27.0,91.0,2001.0
tt0100934,5202.0,18.0,105.0,1989.0
tt0145487,556.0,14.0,121.0,2002.0
tt0103247,178654.0,28.0,107.0,1991.0
tt0111701,178654.0,28.0,106.0,1994.0
tt0121765,10.0,12.0,142.0,2002.0
tt0077523,168182.0,28.0,110.0,1978.0
tt0164184,192492.0,53.0,124.0,2002.0
tt0258463,31562.0,28.0,119.0,2002.0
tt0267913,86860.0,9648.0,88.0,2002.0
tt0087042,33071.0,35.0,82.0,1984.0
tt0275847,97461.0,16.0,85.0,2002.0
tt0107438,9521.0,10749.0,96.0,1993.0
tt0308506,363014.0,35.0,99.0,2002.0
tt0120912,86055.0,28.0,88.0,2002.0
tt0220506,91361.0,27.0,94.0,2002.0
tt0243585,99727.0,10751.0,78.0,2002.0
tt0295178,1006.0,35.0,94.0,2002.0
tt0061810,167456.0,28.0,114.0,1967.0
tt0060708,113635.0,28.0,119.0,1966.0
tt0059557,167456.0,12.0,108.0,1966.0
tt0287717,86486.0,28.0,100.0,2002.0
tt0295701,52785.0,28.0,124.0,2002.0
tt0120263,356437.0,18.0,98.0,2000.0
tt0300532,115839.0,12.0,104.0,2002.0
tt0281322,117777.0,28.0,96.0,2002.0
tt0088885,363966.0,12.0,77.0,1985.0
tt0090799,363966.0,12.0,76.0,1986.0
tt0102059,52988.0,28.0,84.0,1991.0
tt0094597,135501.0,27.0,92.0,1988.0
tt0050894,123720.0,27.0,89.0,1958.0
tt0094025,162028.0,28.0,116.0,1987.0
tt0303714,176097.0,35.0,102.0,2002.0
tt0293662,9518.0,28.0,92.0,2002.0
tt0099512,330555.0,35.0,81.0,1990.0
tt0101821,330555.0,27.0,91.0,1991.0
tt0089274,267922.0,27.0,86.0,1984.0
tt0077681,267922.0,27.0,89.0,1977.0
tt0289765,9743.0,80.0,124.0,2002.0
tt0246677,277739.0,18.0,96.0,2002.0
tt0058379,374509.0,14.0,89.0,1964.0
tt0064373,374509.0,14.0,70.0,1969.0
tt0197521,374509.0,878.0,80.0,1956.0
tt0095895,173344.0,99.0,99.0,1988.0
tt0103069,135509.0,18.0,123.0,1990.0
tt0119068,330555.0,35.0,90.0,1997.0
tt0129908,330555.0,35.0,85.0,1998.0
tt0051554,123724.0,27.0,82.0,1958.0
tt0060315,386818.0,28.0,93.0,1966.0
tt0093113,386818.0,37.0,96.0,1987.0
tt0287635,34055.0,12.0,75.0,2001.0
tt0298130,14563.0,27.0,115.0,2002.0
tt0145937,173344.0,99.0,89.0,2002.0
tt0107254,9735.0,14.0,87.0,1993.0
tt0076666,288280.0,18.0,118.0,1977.0
tt0086361,288280.0,18.0,93.0,1983.0
tt0082222,457305.0,18.0,147.0,1981.0
tt0082332,373538.0,80.0,100.0,1981.0
tt0085518,97237.0,27.0,85.0,1981.0
tt0077533,97237.0,99.0,105.0,1978.0
tt0121261,97237.0,27.0,86.0,1985.0
tt0121262,97237.0,27.0,89.0,1990.0
tt0223251,97237.0,27.0,54.0,1999.0
tt0082490,169329.0,35.0,99.0,1981.0
tt0082671,295862.0,10749.0,113.0,1981.0
tt0082782,264437.0,53.0,90.0,1981.0
tt0082910,212279.0,27.0,84.0,1981.0
tt0322802,17178.0,99.0,87.0,2002.0
tt0061452,645.0,12.0,131.0,1967.0
tt0304669,53159.0,14.0,104.0,2002.0
tt0297162,43063.0,80.0,98.0,2002.0
tt0295297,1241.0,12.0,161.0,2002.0
tt0283644,109082.0,14.0,94.0,2002.0
tt0099669,148517.0,12.0,105.0,1990.0
tt0099266,148517.0,12.0,99.0,1990.0
tt0102782,59586.0,12.0,98.0,1991.0
tt0081455,88574.0,27.0,103.0,1981.0
tt0083067,281644.0,35.0,94.0,1981.0
tt0246460,645.0,12.0,133.0,2002.0
tt0293815,43563.0,35.0,85.0,2002.0
tt0118767,218293.0,28.0,96.0,1997.0
tt0279064,12075.0,35.0,89.0,2001.0
tt0077713,296429.0,27.0,101.0,1978.0
tt0058777,374386.0,28.0,138.0,1964.0
tt0289848,110127.0,35.0,96.0,2002.0
tt0083271,140126.0,80.0,104.0,1981.0
tt0083276,63170.0,35.0,89.0,1981.0
tt0083686,41649.0,35.0,109.0,1982.0
tt0083739,164397.0,28.0,98.0,1982.0
tt0182060,423877.0,878.0,91.0,1982.0
tt0253754,115570.0,878.0,117.0,2002.0
tt0167261,119.0,12.0,179.0,2002.0
tt0110613,85960.0,35.0,99.0,1994.0
tt0102492,85960.0,35.0,102.0,1991.0
tt0056417,135441.0,35.0,91.0,1962.0
tt0119273,141086.0,28.0,88.0,2000.0
tt0330069,104842.0,35.0,105.0,2003.0
tt0309593,8864.0,27.0,90.0,2003.0
tt0105622,227147.0,18.0,135.0,1992.0
tt0083996,10517.0,35.0,100.0,1982.0
tt0084654,295862.0,80.0,104.0,1982.0
tt0084786,315750.0,28.0,85.0,1982.0
tt0084814,937.0,35.0,96.0,1982.0
tt0084945,137766.0,35.0,98.0,1982.0
tt0300471,59567.0,28.0,115.0,2003.0
tt0283426,97459.0,10751.0,72.0,2003.0
tt0106701,195441.0,10751.0,94.0,1993.0
tt0085248,405393.0,18.0,103.0,1983.0
tt0078872,405393.0,12.0,118.0,1979.0
tt0310357,375886.0,27.0,100.0,2003.0
tt0060182,354210.0,10751.0,95.0,1966.0
tt0178868,93369.0,27.0,96.0,1998.0
tt0218553,93369.0,27.0,92.0,1999.0
tt0061834,261057.0,18.0,121.0,1967.0
tt0036182,100992.0,28.0,89.0,1943.0
tt0046247,366444.0,18.0,135.0,1953.0
tt0311519,8385.0,10749.0,97.0,2002.0
tt0251736,105625.0,27.0,89.0,2003.0
tt0290334,748.0,12.0,133.0,2003.0
tt0317303,228887.0,35.0,92.0,2003.0
tt0086999,92222.0,18.0,94.0,1984.0
tt0086998,92222.0,10402.0,90.0,1984.0
tt0057917,431417.0,18.0,150.0,1964.0
tt0234215,2344.0,12.0,138.0,2003.0
tt0283900,239766.0,18.0,122.0,2002.0
tt0347791,34055.0,28.0,71.0,2002.0
tt0315327,124949.0,14.0,101.0,2003.0
tt0266543,137697.0,16.0,100.0,2003.0
tt0295700,52985.0,27.0,84.0,2003.0
tt0322259,9485.0,28.0,107.0,2003.0
tt0060748,431417.0,28.0,128.0,1966.0
tt0066049,383632.0,28.0,114.0,1970.0
tt0329028,96665.0,35.0,85.0,2003.0
tt0337711,57129.0,16.0,84.0,2003.0
tt0070634,123724.0,27.0,87.0,1973.0
tt0289043,1565.0,27.0,113.0,2002.0
tt0305357,86029.0,28.0,106.0,2003.0
tt0333780,86024.0,35.0,95.0,2003.0
tt0181852,528.0,28.0,109.0,2003.0
tt0325980,295.0,12.0,143.0,2003.0
tt0172156,14890.0,12.0,147.0,2003.0
tt0274166,86117.0,12.0,88.0,2003.0
tt0233418,194752.0,53.0,117.0,2002.0
tt0325703,2467.0,28.0,117.0,2003.0
tt0338459,86486.0,28.0,84.0,2003.0
tt0074564,289531.0,18.0,115.0,1976.0
tt0102202,105322.0,28.0,89.0,1991.0
tt0070915,289531.0,18.0,101.0,1973.0
tt0328828,2806.0,35.0,103.0,2003.0
tt0257076,221111.0,28.0,117.0,2003.0
tt0061132,421566.0,35.0,89.0,1966.0
tt0329101,9735.0,27.0,97.0,2003.0
tt0313911,91427.0,28.0,102.0,2003.0
tt0100814,91799.0,28.0,96.0,1990.0
tt0057413,937.0,35.0,115.0,1963.0
tt0075066,937.0,35.0,103.0,1976.0
tt0150433,7505.0,18.0,101.0,1998.0
tt0116308,7505.0,18.0,108.0,1996.0
tt0301470,94899.0,27.0,104.0,2003.0
tt0301524,330892.0,10749.0,114.0,2002.0
tt0303816,201576.0,27.0,93.0,2003.0
tt0285823,9649.0,28.0,102.0,2003.0
tt0103285,10457.0,28.0,134.0,1991.0
tt0105839,10457.0,28.0,113.0,1992.0
tt0108592,10457.0,28.0,105.0,1993.0
tt0088993,261590.0,27.0,96.0,1985.0
tt0320691,2326.0,14.0,121.0,2003.0
tt0334754,409138.0,10752.0,65.0,2002.0
tt0362511,201778.0,35.0,96.0,2003.0
tt0097728,187736.0,35.0,78.0,1989.0
tt0103786,168880.0,35.0,87.0,1992.0
tt0106375,168880.0,10751.0,89.0,1993.0
tt0210070,11794.0,18.0,108.0,2000.0
tt0079576,124950.0,35.0,110.0,1979.0
tt0317676,117927.0,27.0,90.0,2003.0
tt0266697,2883.0,28.0,111.0,2003.0
tt0324216,425175.0,27.0,98.0,2003.0
tt0306047,4246.0,35.0,84.0,2003.0
tt0328880,96472.0,12.0,85.0,2003.0
tt0325655,264335.0,27.0,98.0,2002.0
tt0071519,123720.0,27.0,93.0,1973.0
tt0048956,158391.0,18.0,110.0,1956.0
tt0075902,457305.0,18.0,165.0,1977.0
tt0035318,478628.0,18.0,65.0,1942.0
tt0036348,478628.0,18.0,68.0,1943.0
tt0036349,478628.0,18.0,71.0,1943.0
tt0242653,2344.0,12.0,129.0,2003.0
tt0101862,96871.0,35.0,105.0,1991.0
tt0307987,423173.0,18.0,91.0,2003.0
tt0099365,45154.0,28.0,96.0,1990.0
tt0101829,208765.0,53.0,112.0,1991.0
tt0069341,115142.0,27.0,92.0,1972.0
tt0086567,151263.0,53.0,114.0,1983.0
tt0102034,8050.0,28.0,91.0,1991.0
tt0099938,397444.0,35.0,111.0,1990.0
tt0266308,16302.0,18.0,114.0,2000.0
tt0090142,43066.0,35.0,91.0,1985.0
tt0058586,937.0,35.0,102.0,1964.0
tt0107387,19285.0,35.0,92.0,1993.0
tt0087280,208765.0,80.0,104.0,1984.0
tt0062695,185682.0,35.0,96.0,1968.0
tt0322589,144689.0,10749.0,94.0,2003.0
tt0167260,119.0,12.0,201.0,2003.0
tt0349205,114783.0,35.0,98.0,2003.0
tt0222812,98036.0,35.0,95.0,2003.0
tt0076578,245129.0,99.0,85.0,1977.0
tt0060980,157890.0,28.0,102.0,1966.0
tt0289879,52749.0,878.0,113.0,2004.0
tt0365957,353721.0,18.0,95.0,2004.0
tt0337579,176097.0,35.0,106.0,2004.0
tt0234940,194752.0,18.0,97.0,2002.0
tt0307109,158373.0,35.0,90.0,2001.0
tt0068284,201930.0,27.0,93.0,1972.0
tt0070656,201930.0,27.0,96.0,1973.0
tt0233230,194752.0,80.0,123.0,2002.0
tt0089421,135502.0,28.0,100.0,1985.0
tt0338096,86058.0,18.0,86.0,2004.0
tt0358349,91427.0,35.0,100.0,2004.0
tt0331632,86860.0,9648.0,93.0,2004.0
tt0276919,1952.0,80.0,178.0,2003.0
tt0167190,17235.0,14.0,122.0,2004.0
tt0337697,86334.0,35.0,111.0,2004.0
tt0351977,299748.0,12.0,86.0,2004.0
tt0327247,103577.0,35.0,98.0,2004.0
tt0077402,261590.0,27.0,127.0,1978.0
tt0045094,135441.0,35.0,91.0,1952.0
tt0378194,2883.0,28.0,136.0,2004.0
tt0377092,99606.0,35.0,97.0,2004.0
tt0338526,109608.0,27.0,132.0,2004.0
tt0108906,205977.0,27.0,273.0,1994.0
tt0214388,404111.0,35.0,94.0,2000.0
tt0062512,645.0,28.0,117.0,1967.0
tt0086034,645.0,12.0,131.0,1983.0
tt0086006,645.0,12.0,134.0,1983.0
tt0120711,10441.0,28.0,94.0,1998.0
tt0100050,9521.0,10749.0,81.0,1990.0
tt0090927,126166.0,28.0,125.0,1986.0
tt0034587,272673.0,53.0,73.0,1942.0
tt0073012,87631.0,28.0,108.0,1974.0
tt0284880,159340.0,28.0,113.0,2000.0
tt0108171,14246.0,28.0,98.0,1993.0
tt0146455,10441.0,28.0,94.0,1999.0
tt0146247,10441.0,28.0,94.0,1998.0
tt0121804,10441.0,28.0,94.0,1998.0
tt0031047,47814.0,35.0,103.0,1939.0
tt0037365,47814.0,35.0,100.0,1945.0
tt0034172,47814.0,35.0,97.0,1941.0
tt0027260,47814.0,35.0,112.0,1936.0
tt0039853,47814.0,35.0,86.0,1947.0
tt0258760,478442.0,35.0,93.0,2001.0
tt0106936,122945.0,12.0,106.0,1993.0
tt0114720,91799.0,27.0,100.0,1996.0
tt0259685,91799.0,28.0,104.0,2001.0
tt0066518,123740.0,27.0,91.0,1970.0
tt0068364,308153.0,35.0,81.0,1973.0
tt0073756,48829.0,28.0,91.0,1974.0
tt0073623,48829.0,28.0,85.0,1974.0
tt0065738,123720.0,27.0,98.0,1969.0
tt0052847,145494.0,35.0,95.0,1959.0
tt0057611,286935.0,18.0,91.0,1963.0
tt0057358,286935.0,18.0,81.0,1963.0
tt0055499,286935.0,18.0,89.0,1961.0
tt0064689,185667.0,99.0,78.0,1968.0
tt0338564,58588.0,18.0,101.0,2002.0
tt0102800,349889.0,878.0,85.0,1989.0
tt0072856,434533.0,28.0,80.0,1975.0
tt0060490,434270.0,28.0,121.0,1966.0
tt0180748,95891.0,28.0,91.0,1999.0
tt0099399,126166.0,28.0,111.0,1990.0
tt0328844,289288.0,18.0,116.0,2003.0
tt0221111,192532.0,28.0,105.0,1999.0
tt0053619,441439.0,18.0,143.0,1960.0
tt0054371,11140.0,9648.0,99.0,1960.0
tt0108366,259398.0,35.0,78.0,1993.0
tt0079833,145901.0,12.0,110.0,1979.0
tt0212879,32135.0,35.0,109.0,2001.0
tt0073076,448468.0,99.0,100.0,1975.0
tt0298148,2150.0,12.0,93.0,2004.0
tt0304141,1241.0,12.0,141.0,2004.0
tt0296572,2794.0,28.0,119.0,2004.0
tt0356634,86115.0,16.0,80.0,2004.0
tt0110857,9338.0,35.0,83.0,1994.0
tt0031022,478628.0,80.0,85.0,1939.0
tt0031448,478628.0,9648.0,80.0,1939.0
tt0390521,475802.0,99.0,100.0,2004.0
tt0061420,240690.0,28.0,113.0,1967.0
tt0053114,85473.0,10752.0,208.0,1959.0
tt0071565,374509.0,28.0,84.0,1974.0
tt0091209,476054.0,28.0,97.0,1986.0
tt0069031,297143.0,35.0,88.0,1972.0
tt0087910,145784.0,878.0,102.0,1984.0
tt0078163,937.0,28.0,104.0,1978.0
tt0152930,211721.0,28.0,86.0,1998.0
tt0295721,211721.0,28.0,82.0,2003.0
tt0036098,280539.0,12.0,88.0,1943.0
tt0316654,556.0,28.0,127.0,2004.0
tt0381681,123800.0,18.0,80.0,2004.0
tt0357413,93791.0,35.0,94.0,2004.0
tt0356470,437451.0,35.0,95.0,2004.0
tt0072021,138163.0,36.0,315.0,1974.0
tt0372183,31562.0,28.0,108.0,2004.0
tt0064395,110021.0,28.0,105.0,1969.0
tt0068897,110021.0,28.0,100.0,1972.0
tt0039017,478628.0,12.0,60.0,1946.0
tt0035317,478628.0,28.0,68.0,1942.0
tt0038259,478628.0,53.0,68.0,1945.0
tt0038494,478628.0,18.0,72.0,1946.0
tt0061094,306882.0,16.0,93.0,1966.0
tt0063694,306882.0,12.0,89.0,1968.0
tt0250638,171586.0,80.0,88.0,2003.0
tt0366551,30663.0,35.0,88.0,2004.0
tt0368933,107674.0,35.0,113.0,2004.0
tt0370263,115762.0,12.0,101.0,2004.0
tt0364751,146534.0,28.0,95.0,2004.0
tt0204313,12263.0,27.0,114.0,2004.0
tt0086370,330605.0,28.0,102.0,1983.0
tt0315273,424830.0,18.0,97.0,2004.0
tt0366174,105995.0,12.0,97.0,2004.0
tt0113762,374418.0,18.0,106.0,1995.0
tt0093624,136218.0,27.0,90.0,1988.0
tt0090327,168186.0,27.0,98.0,1986.0
tt0318627,17255.0,27.0,94.0,2004.0
tt0101591,263866.0,35.0,90.0,1991.0
tt0103773,104716.0,27.0,90.0,1992.0
tt0099108,104716.0,27.0,90.0,1990.0
tt0092972,208765.0,27.0,106.0,1987.0
tt0071675,256297.0,27.0,91.0,1974.0
tt0391198,1974.0,27.0,92.0,2004.0
tt0387564,656.0,27.0,103.0,2004.0
tt0317705,468222.0,28.0,115.0,2004.0
tt0387575,10455.0,18.0,87.0,2004.0
tt0317198,8936.0,35.0,108.0,2004.0
tt0368891,52984.0,12.0,131.0,2004.0
tt0345950,275402.0,16.0,87.0,2004.0
tt0349903,304.0,53.0,125.0,2004.0
tt0359013,735.0,878.0,123.0,2004.0
tt0072272,208602.0,99.0,135.0,1974.0
tt0075323,208602.0,99.0,126.0,1976.0
tt0111408,208602.0,99.0,113.0,1994.0
tt0032635,259401.0,18.0,81.0,1940.0
tt0018528,48802.0,18.0,63.0,1927.0
tt0024593,135495.0,12.0,70.0,1933.0
tt0027194,259027.0,14.0,75.0,1935.0
tt0029682,438087.0,35.0,97.0,1937.0
tt0035209,158365.0,99.0,53.0,1942.0
tt0036733,272673.0,18.0,70.0,1944.0
tt0037824,426985.0,18.0,103.0,1945.0
tt0039776,135441.0,35.0,100.0,1947.0
tt0041719,84923.0,18.0,95.0,1950.0
tt0042646,135508.0,28.0,103.0,1950.0
tt0045177,456980.0,35.0,95.0,1952.0
tt0046766,12077.0,35.0,91.0,1954.0
tt0047444,102452.0,18.0,93.0,1954.0
tt0048579,102452.0,18.0,103.0,1955.0
tt0049710,102452.0,28.0,105.0,1956.0
tt0053115,85473.0,10752.0,181.0,1959.0
tt0055233,85473.0,10752.0,191.0,1961.0
tt0056736,441439.0,10749.0,126.0,1962.0
tt0059127,123724.0,27.0,90.0,1966.0
tt0061369,94039.0,10751.0,68.0,1967.0
tt0062687,94039.0,10751.0,72.0,1968.0
tt0062909,123724.0,27.0,92.0,1968.0
tt0065073,123724.0,27.0,95.0,1970.0
tt0065755,161766.0,28.0,83.0,1970.0
tt0067355,212525.0,28.0,106.0,1970.0
tt0067713,123724.0,27.0,96.0,1970.0
tt0067919,308465.0,12.0,191.0,1971.0
tt0068503,116847.0,35.0,89.0,1972.0
tt0068505,123724.0,27.0,96.0,1972.0
tt0068655,105764.0,35.0,90.0,1972.0
tt0068815,102128.0,18.0,83.0,1972.0
tt0068816,102128.0,28.0,81.0,1972.0
tt0070215,409026.0,35.0,117.0,1973.0
tt0070895,157504.0,28.0,125.0,1973.0
tt0071464,39438.0,18.0,89.0,1974.0
tt0071571,391040.0,28.0,105.0,1974.0
tt0072610,211860.0,18.0,105.0,1975.0
tt0072895,405256.0,28.0,90.0,1975.0
tt0072901,94039.0,10751.0,82.0,1976.0
tt0072933,39438.0,18.0,84.0,1975.0
tt0073018,155474.0,28.0,119.0,1975.0
tt0073179,107473.0,18.0,184.0,1975.0
tt0073714,334563.0,28.0,86.0,1974.0
tt0073768,294834.0,35.0,106.0,1975.0
tt0073820,188458.0,27.0,72.0,1975.0
tt0074559,166698.0,28.0,104.0,1976.0
tt0075376,294834.0,35.0,80.0,1976.0
tt0077147,255702.0,35.0,76.0,1978.0
tt0077687,141290.0,12.0,77.0,1977.0
tt0078907,52835.0,35.0,90.0,1979.0
tt0085218,14095.0,16.0,83.0,1983.0
tt0087225,133830.0,12.0,96.0,1985.0
tt0088117,256296.0,53.0,79.0,1984.0
tt0088727,94035.0,18.0,199.0,1985.0
tt0088748,94039.0,35.0,79.0,1985.0
tt0088771,284111.0,12.0,70.0,1985.0
tt0089013,430201.0,27.0,88.0,1985.0
tt0089110,133830.0,12.0,100.0,1985.0
tt0089371,155421.0,28.0,96.0,1985.0
tt0089374,269098.0,28.0,101.0,1985.0
tt0090667,94039.0,10751.0,79.0,1986.0
tt0091060,74083.0,35.0,111.0,1986.0
tt0092263,99635.0,28.0,95.0,1986.0
tt0093171,160468.0,28.0,88.0,1988.0
tt0093342,324149.0,18.0,83.0,1987.0
tt0093978,9046.0,14.0,98.0,1987.0
tt0094357,99635.0,28.0,105.0,1987.0
tt0100339,98435.0,28.0,100.0,1989.0
tt0101254,95051.0,99.0,123.0,1991.0
tt0101258,287016.0,80.0,91.0,1990.0
tt0101420,476066.0,14.0,78.0,1990.0
tt0102395,124951.0,14.0,95.0,1991.0
tt0103768,284111.0,28.0,80.0,1992.0
tt0105888,324149.0,12.0,95.0,1992.0
tt0105916,361140.0,35.0,127.0,1992.0
tt0106112,151861.0,18.0,340.0,1993.0
tt0106257,91945.0,28.0,102.0,1993.0
tt0106342,192167.0,12.0,92.0,1993.0
tt0106639,98853.0,28.0,99.0,1993.0
tt0106937,122945.0,12.0,95.0,1993.0
tt0106950,86341.0,28.0,95.0,1992.0
tt0107384,187736.0,12.0,94.0,1994.0
tt0107819,145784.0,878.0,97.0,1993.0
tt0108170,207952.0,35.0,91.0,1993.0
tt0109020,278467.0,18.0,100.0,1994.0
tt0109412,309259.0,28.0,100.0,1992.0
tt0109552,45154.0,28.0,93.0,1995.0
tt0110442,97771.0,35.0,105.0,1994.0
tt0110913,123256.0,27.0,88.0,1994.0
tt0113194,473943.0,28.0,109.0,1995.0
tt0114563,190435.0,16.0,102.0,1994.0
tt0115940,104068.0,35.0,113.0,1996.0
tt0116671,203178.0,14.0,89.0,1997.0
tt0116736,137913.0,53.0,113.0,1996.0
tt0116752,8385.0,18.0,96.0,1996.0
tt0117407,203910.0,28.0,105.0,1996.0
tt0118720,362047.0,35.0,87.0,1997.0
tt0118898,142717.0,18.0,55.0,1997.0
tt0119249,108043.0,28.0,122.0,1998.0
tt0120131,94032.0,16.0,81.0,1998.0
tt0120695,10924.0,37.0,94.0,1999.0
tt0120860,10924.0,80.0,88.0,1999.0
tt0120868,2248.0,35.0,97.0,1998.0
tt0127392,205977.0,27.0,286.0,1997.0
tt0135790,344936.0,80.0,110.0,1999.0
tt0143127,421904.0,16.0,70.0,1998.0
tt0146402,11716.0,35.0,91.0,1998.0
tt0158714,149191.0,28.0,97.0,1973.0
tt0165662,98580.0,14.0,93.0,1999.0
tt0169590,404770.0,28.0,64.0,1998.0
tt0169858,96850.0,16.0,87.0,1997.0
tt0175536,355490.0,35.0,97.0,1999.0
tt0181627,338416.0,14.0,70.0,1998.0
tt0183678,9068.0,14.0,103.0,2000.0
tt0183869,211721.0,28.0,82.0,2000.0
tt0185584,107462.0,35.0,95.0,1998.0
tt0196267,52789.0,18.0,87.0,2000.0
tt0202381,268014.0,35.0,89.0,1999.0
tt0206036,164394.0,10749.0,96.0,2000.0
tt0208185,410261.0,16.0,79.0,2000.0
tt0212712,287016.0,14.0,129.0,2004.0
tt0214605,142717.0,18.0,79.0,1999.0
tt0216165,206072.0,18.0,93.0,1999.0
tt0216417,426370.0,35.0,92.0,2000.0
tt0226872,103190.0,80.0,87.0,1972.0
tt0226874,103190.0,28.0,90.0,1972.0
tt0233298,379475.0,16.0,74.0,2000.0
tt0239641,10721.0,27.0,82.0,2001.0
tt0239894,105629.0,99.0,130.0,2000.0
tt0246692,95891.0,28.0,95.0,2002.0
tt0250223,2396.0,10751.0,108.0,2002.0
tt0279112,374512.0,12.0,105.0,2001.0
tt0283877,86105.0,27.0,88.0,2002.0
tt0285005,192532.0,80.0,97.0,2000.0
tt0285492,432.0,53.0,94.0,2002.0
tt0293715,473850.0,18.0,123.0,2001.0
tt0294939,118657.0,18.0,128.0,2001.0
tt0296696,101676.0,28.0,110.0,2001.0
tt0301167,192532.0,28.0,89.0,2002.0
tt0302585,386495.0,35.0,76.0,2002.0
tt0310775,4563.0,28.0,121.0,2002.0
tt0312700,308645.0,28.0,96.0,2003.0
tt0313724,24726.0,28.0,115.0,2003.0
tt0318403,94032.0,16.0,77.0,2004.0
tt0321781,142717.0,18.0,182.0,2002.0
tt0322545,279836.0,35.0,105.0,2003.0
tt0330500,1972.0,27.0,70.0,2000.0
tt0330501,1972.0,27.0,76.0,2000.0
tt0334541,91799.0,28.0,101.0,2004.0
tt0334965,430186.0,35.0,90.0,2004.0
tt0337103,3963.0,28.0,97.0,2004.0
tt0338450,14246.0,28.0,97.0,2002.0
tt0338763,16302.0,28.0,155.0,2003.0
tt0341495,309259.0,28.0,90.0,2002.0
tt0347246,23026.0,16.0,100.0,2004.0
tt0351817,377545.0,28.0,129.0,2002.0
tt0351887,192541.0,28.0,107.0,2003.0
tt0353489,11794.0,18.0,94.0,2004.0
tt0356176,371950.0,12.0,82.0,2003.0
tt0364385,1972.0,27.0,92.0,2002.0
tt0364569,4563.0,18.0,120.0,2003.0
tt0365265,11794.0,18.0,94.0,2004.0
tt0366292,126580.0,27.0,112.0,2003.0
tt0366621,53154.0,28.0,99.0,2002.0
tt0367093,10522.0,12.0,88.0,2004.0
tt0367913,1972.0,27.0,95.0,2003.0
tt0368909,94589.0,28.0,105.0,2003.0
tt0369060,58588.0,18.0,119.0,2003.0
tt0373283,306063.0,28.0,90.0,2003.0
tt0374102,86113.0,18.0,79.0,2004.0
tt0374339,58588.0,80.0,118.0,2003.0
tt0377109,14563.0,18.0,110.0,2005.0
tt0379593,475520.0,35.0,80.0,2003.0
tt0381936,107461.0,28.0,110.0,2003.0
tt0384819,101246.0,12.0,128.0,2003.0
tt0391891,52789.0,18.0,85.0,2004.0
tt0399877,476065.0,99.0,109.0,2004.0
tt0405061,264335.0,53.0,95.0,2004.0
tt0229440,8917.0,80.0,99.0,2000.0
tt0290002,51509.0,35.0,115.0,2004.0
tt0375210,102777.0,18.0,101.0,2005.0
tt0061856,374509.0,878.0,86.0,1967.0
tt0070246,191023.0,28.0,99.0,1973.0
tt0060125,251858.0,12.0,120.0,1966.0
tt0401233,87800.0,16.0,101.0,2004.0
tt0066227,11875.0,12.0,86.0,1970.0
tt0066265,11875.0,10751.0,94.0,1970.0
tt0029942,413937.0,18.0,96.0,1938.0
tt0101412,106000.0,28.0,107.0,1991.0
tt0059126,275873.0,878.0,82.0,1965.0
tt0368578,176118.0,12.0,95.0,2005.0
tt0369226,149704.0,28.0,96.0,2005.0
tt0357507,96937.0,53.0,89.0,2005.0
tt0079095,295862.0,10752.0,116.0,1979.0
tt0360486,437628.0,18.0,121.0,2005.0
tt0362165,43072.0,14.0,94.0,2005.0
tt0403358,3106.0,14.0,114.0,2004.0
tt0034303,438087.0,35.0,88.0,1941.0
tt0089695,384920.0,28.0,85.0,1986.0
tt0331218,169851.0,16.0,5.0,2002.0
tt0072281,87631.0,28.0,105.0,1973.0
tt0065651,185682.0,35.0,100.0,1970.0
tt0039417,256729.0,10752.0,70.0,1948.0
tt0067500,108170.0,27.0,101.0,1972.0
tt0377471,91698.0,35.0,118.0,2005.0
tt0060464,374509.0,14.0,87.0,1966.0
tt0107027,374511.0,28.0,108.0,1993.0
tt0087835,221308.0,35.0,97.0,1984.0
tt0377713,432.0,9648.0,97.0,2004.0
tt0372594,101646.0,28.0,95.0,2004.0
tt0385307,93220.0,28.0,115.0,2005.0
tt0086308,385721.0,28.0,95.0,1983.0
tt0059346,374509.0,10749.0,96.0,1965.0
tt0401792,135179.0,28.0,124.0,2005.0
tt0071502,167691.0,18.0,130.0,1974.0
tt0235712,93369.0,27.0,99.0,2000.0
tt0345591,97919.0,18.0,88.0,2003.0
tt0384806,397842.0,27.0,90.0,2005.0
tt0403537,124879.0,28.0,94.0,2005.0
tt0329774,52785.0,28.0,101.0,2005.0
tt0066602,96887.0,12.0,94.0,1971.0
tt0021571,441443.0,18.0,75.0,1930.0
tt0090248,122952.0,16.0,80.0,1985.0
tt0121766,10.0,878.0,140.0,2005.0
tt0032637,259401.0,10749.0,72.0,1940.0
tt0351283,14740.0,10751.0,86.0,2005.0
tt0449086,12263.0,27.0,117.0,2005.0
tt0403508,17368.0,18.0,119.0,2005.0
tt0097444,374511.0,27.0,105.0,1989.0
tt0372784,263.0,28.0,140.0,2005.0
tt0399102,374512.0,28.0,125.0,2004.0
tt0400497,12087.0,35.0,101.0,2005.0
tt0418819,261590.0,27.0,93.0,2005.0
tt0069035,308465.0,18.0,204.0,1972.0
tt0072637,150954.0,35.0,140.0,1975.0
tt0067148,374509.0,878.0,87.0,1971.0
tt0061405,89188.0,53.0,111.0,1967.0
tt0120667,9744.0,28.0,106.0,2005.0
tt0409184,239766.0,35.0,129.0,2005.0
tt0395584,105625.0,18.0,107.0,2005.0
tt0241073,131780.0,27.0,105.0,1998.0
tt0377818,332357.0,28.0,104.0,2005.0
tt0367652,95664.0,35.0,83.0,2005.0
tt0396184,203910.0,80.0,100.0,2004.0
tt0032404,220448.0,35.0,68.0,1940.0
tt0133385,2396.0,10751.0,109.0,1999.0
tt0388482,9518.0,28.0,87.0,2005.0
tt0086192,373538.0,28.0,90.0,1983.0
tt0095403,269098.0,28.0,101.0,1988.0
tt0386005,269098.0,28.0,123.0,2004.0
tt0348333,93731.0,35.0,94.0,2005.0
tt0385002,152544.0,80.0,109.0,2005.0
tt0385700,140760.0,28.0,101.0,2005.0
tt0378109,174386.0,28.0,110.0,2005.0
tt0312004,529.0,12.0,85.0,2005.0
tt0370082,131780.0,27.0,97.0,2003.0
tt0380389,110177.0,18.0,118.0,2005.0
tt0472566,206921.0,878.0,103.0,2005.0
tt0443567,109082.0,28.0,95.0,2005.0
tt0386140,1657.0,28.0,129.0,2005.0
tt0432348,656.0,27.0,92.0,2005.0
tt0073036,409026.0,35.0,117.0,1975.0
tt0436058,298820.0,35.0,94.0,2005.0
tt0023551,65249.0,28.0,100.0,1932.0
tt0025862,65249.0,18.0,100.0,1934.0
tt0342735,1952.0,18.0,139.0,2005.0
tt0078771,185682.0,35.0,89.0,1979.0
tt0418763,285564.0,18.0,125.0,2005.0
tt0053677,123724.0,27.0,85.0,1960.0
tt0416315,268098.0,27.0,99.0,2005.0
tt0435625,87258.0,12.0,99.0,2005.0
tt0330373,1241.0,12.0,157.0,2005.0
tt0078492,321061.0,28.0,134.0,1978.0
tt0058073,123720.0,27.0,86.0,1964.0
tt0363771,420.0,12.0,143.0,2005.0
tt0285175,378268.0,18.0,85.0,2005.0
tt0051790,426985.0,36.0,88.0,1958.0
tt0220623,24726.0,28.0,112.0,2001.0
tt0062657,157890.0,28.0,102.0,1967.0
tt0452598,114783.0,35.0,94.0,2005.0
tt0116075,117952.0,27.0,92.0,1996.0
tt0267129,107471.0,28.0,90.0,2001.0
tt0402348,97919.0,10770.0,88.0,2004.0
tt0451094,4563.0,18.0,115.0,2005.0
tt0414852,85946.0,28.0,84.0,2004.0
tt0383222,97307.0,28.0,95.0,2005.0
tt0450278,86578.0,27.0,94.0,2005.0
tt0443536,87255.0,16.0,80.0,2005.0
tt0401855,2326.0,14.0,106.0,2006.0
tt0140883,8819.0,10751.0,90.0,1998.0
tt0085127,189159.0,28.0,106.0,1983.0
tt0425622,140126.0,28.0,108.0,2004.0
tt0049646,123726.0,27.0,82.0,1955.0
tt0274546,8917.0,27.0,89.0,2002.0
tt0061695,161766.0,28.0,86.0,1967.0
tt0448172,387618.0,53.0,106.0,2005.0
tt0240200,7505.0,18.0,115.0,2005.0
tt0088336,148324.0,35.0,102.0,1984.0
tt0077276,52835.0,35.0,105.0,1978.0
tt0421729,44979.0,35.0,99.0,2006.0
tt0396752,35792.0,14.0,97.0,2005.0
tt0451021,157626.0,35.0,103.0,2005.0
tt0414982,8864.0,27.0,93.0,2006.0
tt0383216,130440.0,28.0,93.0,2006.0
tt0092115,123218.0,14.0,82.0,1986.0
tt0381971,55428.0,12.0,86.0,2006.0
tt0455857,276838.0,27.0,87.0,2006.0
tt0454919,124188.0,27.0,90.0,2006.0
tt0434008,159613.0,80.0,101.0,2005.0
tt0491703,286904.0,28.0,72.0,2006.0
tt0438097,8354.0,16.0,91.0,2006.0
tt0477072,86334.0,35.0,96.0,2006.0
tt0110329,19285.0,35.0,85.0,1994.0
tt0113636,19285.0,35.0,90.0,1995.0
tt0116861,19285.0,35.0,95.0,1996.0
tt0209095,19285.0,27.0,90.0,2000.0
tt0458242,8385.0,80.0,78.0,2006.0
tt0454841,8918.0,27.0,107.0,2006.0
tt0063135,937.0,35.0,96.0,1968.0
tt0108187,937.0,35.0,93.0,1993.0
tt0451957,52760.0,27.0,93.0,2005.0
tt0430912,86336.0,80.0,114.0,2006.0
tt0362120,4246.0,35.0,83.0,2006.0
tt0384537,64748.0,27.0,125.0,2006.0
tt0427954,251970.0,28.0,108.0,2005.0
tt0317919,87359.0,12.0,126.0,2006.0
tt0015175,158038.0,12.0,140.0,1924.0
tt0015174,158038.0,12.0,129.0,1924.0
tt0442286,377545.0,18.0,132.0,2004.0
tt0382625,115776.0,53.0,149.0,2006.0
tt0376994,748.0,12.0,104.0,2006.0
tt0317219,87118.0,16.0,117.0,2006.0
tt0383574,295.0,12.0,151.0,2006.0
tt0424345,182813.0,35.0,97.0,2006.0
tt0437179,296872.0,27.0,84.0,2006.0
tt0469916,166376.0,27.0,91.0,2006.0
tt0475293,87253.0,35.0,98.0,2006.0
tt0239496,203178.0,27.0,91.0,2000.0
tt0463985,9485.0,28.0,104.0,2006.0
tt0455499,86115.0,16.0,78.0,2006.0
tt0079859,351721.0,35.0,88.0,1979.0
tt0348150,8537.0,12.0,154.0,2006.0
tt0085384,937.0,80.0,109.0,1983.0
tt0330634,10721.0,27.0,77.0,2003.0
tt0432637,246091.0,28.0,154.0,2006.0
tt0266075,131780.0,14.0,98.0,1999.0
tt0477347,85943.0,28.0,108.0,2006.0
tt0479884,64751.0,28.0,88.0,2006.0
tt0462590,86092.0,10402.0,104.0,2006.0
tt0479647,417491.0,28.0,116.0,2006.0
tt0108606,156240.0,28.0,101.0,1993.0
tt0103295,44917.0,28.0,107.0,1992.0
tt0098327,278467.0,18.0,107.0,1989.0
tt0063787,294834.0,35.0,70.0,1968.0
tt0493430,17178.0,28.0,95.0,2006.0
tt0110300,19163.0,16.0,73.0,1994.0
tt0400717,66761.0,12.0,83.0,2006.0
tt0420294,425175.0,27.0,91.0,2006.0
tt0433386,1974.0,27.0,102.0,2006.0
tt0419946,166373.0,28.0,92.0,2006.0
tt0426459,98430.0,28.0,95.0,2005.0
tt0418689,261382.0,10752.0,132.0,2006.0
tt0431641,101246.0,28.0,108.0,2005.0
tt0489270,656.0,27.0,108.0,2006.0
tt0259134,266846.0,18.0,92.0,2002.0
tt0457297,52749.0,18.0,95.0,2006.0
tt0452681,53159.0,35.0,98.0,2006.0
tt0381061,645.0,12.0,144.0,2006.0
tt0366548,92012.0,16.0,108.0,2006.0
tt0464913,91588.0,80.0,99.0,2006.0
tt0393635,297371.0,27.0,90.0,2005.0
tt0480271,43220.0,35.0,97.0,2006.0
tt0027545,221539.0,18.0,71.0,1936.0
tt0059710,123717.0,10749.0,106.0,1965.0
tt0491244,159613.0,18.0,92.0,2006.0
tt0479143,1575.0,18.0,102.0,2006.0
tt0443431,102008.0,35.0,92.0,2006.0
tt0831315,123438.0,99.0,100.0,2006.0
tt0065622,167691.0,36.0,112.0,1971.0
tt0498380,261382.0,28.0,141.0,2006.0
tt0308353,141084.0,16.0,75.0,2006.0
tt0775539,160727.0,18.0,114.0,2007.0
tt0344854,85817.0,12.0,94.0,2006.0
tt0808146,298820.0,35.0,97.0,2006.0
tt0045081,11582.0,35.0,115.0,1953.0
tt0043918,11582.0,35.0,107.0,1952.0
tt0054377,84923.0,14.0,80.0,1960.0
tt0021331,84923.0,18.0,55.0,1932.0
tt0473434,95051.0,99.0,180.0,2005.0
tt0058578,95051.0,99.0,39.0,1964.0
tt0066356,95051.0,99.0,52.0,1970.0
tt0475394,96680.0,28.0,109.0,2006.0
tt0425430,164395.0,9648.0,90.0,2007.0
tt0367959,9743.0,80.0,121.0,2007.0
tt0380268,376970.0,28.0,118.0,2006.0
tt0423505,93791.0,35.0,93.0,2004.0
tt0478024,436982.0,28.0,93.0,2005.0
tt0425601,101385.0,35.0,95.0,2006.0
tt0259324,90306.0,53.0,114.0,2007.0
tt0435680,159603.0,18.0,89.0,2006.0
tt0469937,363014.0,35.0,96.0,2006.0
tt0078243,108125.0,28.0,115.0,1978.0
tt0072317,240690.0,28.0,170.0,1974.0
tt0067047,187089.0,35.0,95.0,1971.0
tt0067647,167691.0,35.0,111.0,1972.0
tt0264323,285130.0,35.0,87.0,2005.0
tt0094118,43066.0,35.0,95.0,1987.0
tt0425379,203910.0,28.0,108.0,2005.0
tt0106336,10441.0,878.0,89.0,1993.0
tt0496436,102777.0,53.0,99.0,2007.0
tt0344864,100965.0,14.0,70.0,2003.0
tt0482629,269190.0,10749.0,114.0,2006.0
tt0416449,125570.0,28.0,117.0,2006.0
tt0800069,8918.0,27.0,89.0,2007.0
tt0483578,377545.0,18.0,121.0,2006.0
tt0422774,176118.0,35.0,92.0,2007.0
tt0452702,86112.0,27.0,80.0,2007.0
tt0103793,278467.0,27.0,105.0,1993.0
tt0453451,103372.0,10751.0,90.0,2007.0
tt0443473,375228.0,28.0,113.0,2007.0
tt0413300,556.0,14.0,139.0,2007.0
tt0075610,95051.0,99.0,100.0,1977.0
tt0095583,254636.0,53.0,85.0,1988.0
tt0409904,3106.0,14.0,132.0,2006.0
tt0480025,376863.0,18.0,101.0,2006.0
tt0463854,1565.0,27.0,100.0,2007.0
tt0413267,2150.0,14.0,93.0,2007.0
tt0449088,295.0,12.0,169.0,2007.0
tt0455596,85890.0,14.0,92.0,2006.0
tt0412915,85890.0,53.0,106.0,2004.0
tt0444628,378453.0,35.0,118.0,2006.0
tt0496806,304.0,80.0,122.0,2007.0
tt0104352,374511.0,878.0,102.0,1992.0
tt0113187,374511.0,28.0,103.0,1995.0
tt0101962,374511.0,28.0,103.0,1991.0
tt0498353,86578.0,27.0,93.0,2007.0
tt0079946,325798.0,14.0,94.0,1978.0
tt0423294,436295.0,16.0,85.0,2007.0
tt0486576,9744.0,12.0,92.0,2007.0
tt1028528,339577.0,28.0,113.0,2007.0
tt0490822,430186.0,35.0,99.0,2006.0
tt0473360,110177.0,18.0,115.0,2007.0
tt0086366,33071.0,35.0,91.0,1983.0
tt0337978,1570.0,28.0,128.0,2007.0
tt0413099,124949.0,14.0,96.0,2007.0
tt0418279,8650.0,12.0,144.0,2007.0
tt0373889,1241.0,12.0,138.0,2007.0
tt0837106,86797.0,28.0,139.0,2007.0
tt0440963,31562.0,28.0,115.0,2007.0
tt0448927,369380.0,35.0,108.0,2006.0
tt0109036,2704.0,18.0,175.0,1994.0
tt0412535,442352.0,35.0,98.0,2005.0
tt0293564,90863.0,28.0,91.0,2007.0
tt0462244,228887.0,35.0,89.0,2007.0
tt0373883,126209.0,27.0,109.0,2007.0
tt0841044,138908.0,35.0,96.0,2007.0
tt0061636,353754.0,37.0,112.0,1967.0
tt0804540,211721.0,28.0,91.0,2007.0
tt1077258,339577.0,27.0,105.0,2007.0
tt0346952,45355.0,35.0,224.0,2002.0
tt0432021,17255.0,27.0,94.0,2007.0
tt0414055,100286.0,18.0,114.0,2007.0
tt0857265,262011.0,18.0,86.0,2007.0
tt0389722,91660.0,27.0,113.0,2007.0
tt0906108,143588.0,35.0,113.0,2007.0
tt0890870,656.0,27.0,93.0,2007.0
tt0081494,108125.0,28.0,99.0,1980.0
tt0861739,119581.0,18.0,115.0,2007.0
tt0357585,140758.0,27.0,95.0,2004.0
tt0445336,356437.0,18.0,95.0,2007.0
tt0756683,464270.0,878.0,87.0,2007.0
tt0910873,45355.0,35.0,239.0,2006.0
tt0465494,390096.0,28.0,89.0,2007.0
tt0952640,167613.0,35.0,92.0,2007.0
tt0471711,13800.0,16.0,88.0,2007.0
tt0804555,52985.0,27.0,96.0,2007.0
tt0847817,113679.0,99.0,80.0,2007.0
tt0070085,472781.0,28.0,88.0,1973.0
tt0443527,264339.0,18.0,86.0,2006.0
tt0465234,52984.0,28.0,124.0,2007.0
tt0758730,115762.0,14.0,94.0,2007.0
tt0960790,215456.0,18.0,116.0,2007.0
tt0991178,91697.0,10770.0,88.0,2007.0
tt1038988,74508.0,27.0,78.0,2007.0
tt0460780,122922.0,12.0,127.0,2007.0
tt0422401,124901.0,35.0,83.0,2006.0
tt0479968,126580.0,27.0,87.0,2008.0
tt0462499,5039.0,28.0,92.0,2008.0
tt0406759,264335.0,18.0,98.0,2008.0
tt0411477,17235.0,12.0,120.0,2008.0
tt0901507,286177.0,28.0,119.0,2007.0
tt1023481,86092.0,10402.0,98.0,2008.0
tt0848557,261590.0,27.0,95.0,2007.0
tt1166827,96682.0,99.0,118.0,2007.0
tt0386820,238419.0,16.0,77.0,2004.0
tt0107953,101471.0,35.0,97.0,1993.0
tt0468569,263.0,18.0,152.0,2008.0
tt0443450,308645.0,28.0,96.0,2005.0
tt1023111,96676.0,18.0,115.0,2008.0
tt0073373,374509.0,28.0,83.0,1975.0
tt0388556,385720.0,28.0,115.0,2004.0
tt0410377,232844.0,12.0,96.0,2008.0
tt0421073,124881.0,28.0,109.0,2008.0
tt0481536,30663.0,35.0,107.0,2008.0
tt0892899,108804.0,28.0,90.0,2007.0
tt0028345,65249.0,28.0,89.0,1936.0
tt0032007,65249.0,28.0,82.0,1939.0
tt0034266,65249.0,28.0,81.0,1941.0
tt0035419,65249.0,28.0,71.0,1942.0
tt0926129,123255.0,80.0,88.0,2008.0
tt0371746,131292.0,28.0,126.0,2008.0
tt0936501,135483.0,28.0,93.0,2008.0
tt0942903,44215.0,12.0,97.0,2008.0
tt0974959,298820.0,35.0,88.0,2007.0
tt0499448,420.0,12.0,150.0,2008.0
tt0367882,84.0,12.0,122.0,2008.0
tt1000774,50457.0,35.0,145.0,2008.0
tt0441773,77816.0,12.0,90.0,2008.0
tt0068595,314917.0,35.0,90.0,1974.0
tt0493464,462400.0,28.0,110.0,2008.0
tt0304808,369005.0,99.0,92.0,2002.0
tt0964587,12077.0,35.0,101.0,2007.0
tt1054485,13800.0,16.0,90.0,2008.0
tt0447854,87250.0,16.0,72.0,2006.0
tt0846308,25542.0,35.0,101.0,2008.0
tt0064349,363015.0,10751.0,25.0,1969.0
tt0795421,458558.0,35.0,108.0,2008.0
tt0386038,76291.0,35.0,110.0,2004.0
tt0373051,72547.0,28.0,93.0,2008.0
tt0424971,289288.0,18.0,100.0,2005.0
tt0245027,289288.0,18.0,93.0,2000.0
tt0758742,102019.0,14.0,126.0,2006.0
tt0482603,118828.0,16.0,81.0,2008.0
tt0929629,44215.0,12.0,98.0,2008.0
tt0865957,151263.0,878.0,96.0,2008.0
tt0443701,19387.0,18.0,104.0,2008.0
tt0240684,33085.0,10751.0,72.0,2000.0
tt1079959,108502.0,35.0,191.0,2008.0
tt0765458,108502.0,18.0,185.0,2006.0
tt0859163,1733.0,12.0,112.0,2008.0
tt0425637,96677.0,12.0,150.0,2008.0
tt1018785,17368.0,12.0,117.0,2008.0
tt0810900,87253.0,35.0,104.0,2007.0
tt0452608,86116.0,28.0,105.0,2008.0
tt0790686,105324.0,27.0,110.0,2008.0
tt0827782,248339.0,27.0,81.0,2007.0
tt0804507,127280.0,27.0,102.0,2007.0
tt0038097,280539.0,28.0,102.0,1945.0
tt0353324,9436.0,28.0,99.0,2005.0
tt0913951,149704.0,28.0,88.0,2008.0
tt0307596,3292.0,10752.0,127.0,2003.0
tt0064860,266731.0,28.0,132.0,1968.0
tt0066745,321065.0,28.0,104.0,1970.0
tt0072912,434270.0,18.0,108.0,1975.0
tt0885415,141615.0,16.0,80.0,2008.0
tt1082868,123932.0,27.0,89.0,2008.0
tt1031254,109076.0,80.0,94.0,2008.0
tt0068817,102128.0,18.0,89.0,1972.0
tt0143348,102128.0,28.0,81.0,1972.0
tt0280453,10441.0,878.0,90.0,2002.0
tt0871427,10441.0,28.0,75.0,2007.0
tt0962726,87253.0,35.0,116.0,2008.0
tt1054486,13800.0,16.0,88.0,2008.0
tt0479952,14740.0,10751.0,89.0,2008.0
tt0161635,476063.0,27.0,42.0,1985.0
tt0830515,645.0,12.0,106.0,2008.0
tt1016290,192174.0,28.0,130.0,2007.0
tt1055366,148055.0,35.0,94.0,2008.0
tt1132626,656.0,27.0,92.0,2008.0
tt0101628,10893.0,35.0,100.0,1992.0
tt1014775,87256.0,12.0,91.0,2008.0
tt0068650,158376.0,10769.0,108.0,1972.0
tt0089026,124492.0,28.0,95.0,1985.0
tt0092891,124492.0,10752.0,90.0,1987.0
tt0036307,124930.0,27.0,61.0,1943.0
tt1099212,33514.0,12.0,122.0,2008.0
tt1129442,9518.0,28.0,104.0,2008.0
tt0101988,280562.0,28.0,88.0,1991.0
tt1118511,529.0,16.0,30.0,2008.0
tt0087805,373538.0,27.0,92.0,1984.0
tt0892255,86774.0,18.0,134.0,2008.0
tt0374569,86774.0,18.0,131.0,2009.0
tt0844760,10522.0,12.0,105.0,2008.0
tt0065225,157890.0,28.0,105.0,1968.0
tt0100625,9046.0,14.0,104.0,1990.0
tt0184773,158365.0,10752.0,42.0,1943.0
tt0182766,158365.0,99.0,54.0,1943.0
tt0036629,158365.0,99.0,83.0,1943.0
tt0095022,124492.0,12.0,100.0,1988.0
tt0173769,158365.0,99.0,57.0,1943.0
tt0449040,201061.0,878.0,100.0,2005.0
tt1183733,201061.0,28.0,90.0,2008.0
tt1332128,96682.0,99.0,123.0,2008.0
tt0822832,230532.0,35.0,115.0,2008.0
tt0498360,59235.0,10770.0,89.0,2006.0
tt0101326,91945.0,28.0,99.0,1990.0
tt1107365,66761.0,12.0,76.0,2008.0
tt1220719,70068.0,18.0,108.0,2008.0
tt0097534,174218.0,27.0,96.0,1989.0
tt0184254,158365.0,10752.0,62.0,1944.0
tt0447166,251383.0,12.0,105.0,2008.0
tt1259014,85945.0,18.0,113.0,2008.0
tt1179891,264437.0,9648.0,101.0,2009.0
tt0834001,2326.0,14.0,92.0,2009.0
tt0183997,158365.0,99.0,70.0,1945.0
tt0105251,48190.0,35.0,93.0,1992.0
tt0110982,48190.0,35.0,92.0,1994.0
tt0080772,195646.0,12.0,128.0,1979.0
tt1114740,328372.0,28.0,91.0,2009.0
tt1053859,1974.0,9648.0,90.0,2009.0
tt0070860,148324.0,35.0,87.0,1973.0
tt1054487,13800.0,16.0,90.0,2009.0
tt1265998,96661.0,16.0,91.0,2009.0
tt0090192,47627.0,27.0,77.0,1984.0
tt1116186,93731.0,35.0,90.0,2009.0
tt0891592,261203.0,28.0,97.0,2009.0
tt0758746,9735.0,27.0,97.0,2009.0
tt1214983,122017.0,28.0,94.0,2009.0
tt0838232,130440.0,35.0,92.0,2009.0
tt0022125,156152.0,35.0,130.0,1931.0
tt0027489,156152.0,35.0,141.0,1936.0
tt0022877,156152.0,35.0,140.0,1932.0
tt0492044,169740.0,53.0,102.0,2009.0
tt0304296,477050.0,18.0,94.0,1998.0
tt0785035,94589.0,12.0,98.0,2008.0
tt1132620,24761.0,18.0,152.0,2009.0
tt0943326,110041.0,27.0,104.0,2007.0
tt0128378,138163.0,12.0,175.0,1999.0
tt1234541,52749.0,878.0,90.0,2009.0
tt0787505,286006.0,27.0,80.0,2006.0
tt0127626,183256.0,35.0,104.0,1997.0
tt1013752,9485.0,28.0,107.0,2009.0
tt0036400,457550.0,18.0,80.0,1943.0
tt0038268,457550.0,36.0,83.0,1945.0
tt0395461,265782.0,18.0,98.0,2005.0
tt1121931,64751.0,28.0,96.0,2009.0
tt0190506,183256.0,35.0,127.0,1999.0
tt0458525,453993.0,12.0,107.0,2009.0
tt0796366,115575.0,878.0,127.0,2009.0
tt0036705,413661.0,35.0,67.0,1944.0
tt0079718,10964.0,28.0,104.0,1980.0
tt1326972,96677.0,10752.0,136.0,2009.0
tt0448179,33059.0,80.0,87.0,2005.0
tt1231277,178106.0,53.0,103.0,2009.0
tt0808151,115776.0,53.0,138.0,2009.0
tt0438488,528.0,28.0,115.0,2009.0
tt1078912,85943.0,12.0,105.0,2009.0
tt0062228,240156.0,35.0,81.0,1967.0
tt0038823,256729.0,36.0,125.0,1946.0
tt0169880,96850.0,9648.0,101.0,1997.0
tt0485323,140612.0,28.0,105.0,2005.0
tt1167660,91588.0,80.0,100.0,2009.0
tt1276107,146534.0,28.0,96.0,2009.0
tt1119646,86119.0,35.0,100.0,2009.0
tt0106827,330555.0,35.0,94.0,1993.0
tt0178031,261240.0,35.0,100.0,1998.0
tt1278340,286038.0,27.0,91.0,2009.0
tt0080180,374386.0,12.0,117.0,1979.0
tt0073260,211753.0,12.0,90.0,1975.0
tt1389762,373918.0,16.0,78.0,2009.0
tt1055369,8650.0,878.0,150.0,2009.0
tt1080016,8354.0,16.0,94.0,2009.0
tt0104604,165743.0,28.0,63.0,1992.0
tt0111845,324149.0,18.0,103.0,1994.0
tt0073000,26863.0,16.0,88.0,1975.0
tt1146438,85890.0,14.0,95.0,2008.0
tt0972558,350836.0,28.0,115.0,2008.0
tt0417741,1241.0,12.0,153.0,2009.0
tt0120882,52888.0,35.0,118.0,1998.0
tt0470055,86113.0,18.0,94.0,2006.0
tt0282171,261526.0,35.0,104.0,2002.0
tt0070868,115142.0,27.0,83.0,1973.0
tt0844479,165369.0,27.0,88.0,2009.0
tt1046173,135468.0,12.0,118.0,2009.0
tt1160368,221622.0,28.0,108.0,2009.0
tt0093974,256296.0,35.0,88.0,1987.0
tt0913401,353708.0,28.0,93.0,2007.0
tt0923811,210303.0,16.0,97.0,2007.0
tt0414243,190135.0,16.0,46.0,2000.0
tt1104835,98430.0,28.0,97.0,2008.0
tt0030522,404148.0,99.0,126.0,1938.0
tt0030523,404148.0,99.0,100.0,1938.0
tt0118645,109044.0,28.0,96.0,1997.0
tt1185837,223564.0,27.0,94.0,2009.0
tt1204979,86112.0,27.0,86.0,2008.0
tt0105643,123218.0,27.0,95.0,1990.0
tt0116607,164394.0,10770.0,97.0,1996.0
tt1311067,126209.0,27.0,105.0,2009.0
tt0060214,37261.0,35.0,87.0,1966.0
tt1300853,152544.0,80.0,94.0,2009.0
tt1228933,158643.0,53.0,90.0,2009.0
tt1144884,8864.0,27.0,82.0,2009.0
tt0844471,177467.0,16.0,90.0,2009.0
tt0337636,8917.0,27.0,88.0,2005.0
tt0354623,8917.0,27.0,91.0,2005.0
tt1179904,41437.0,27.0,86.0,2007.0
tt0416938,190135.0,35.0,48.0,2001.0
tt0052295,378025.0,18.0,101.0,1959.0
tt1233227,656.0,27.0,90.0,2009.0
tt1300851,87186.0,28.0,118.0,2009.0
tt0196106,368982.0,28.0,93.0,2000.0
tt0052924,378025.0,12.0,97.0,1959.0
tt0019649,441443.0,18.0,70.0,1929.0
tt1286130,91697.0,878.0,112.0,2009.0
tt1259571,33514.0,12.0,130.0,2009.0
tt0257231,2248.0,35.0,99.0,2001.0
tt1232831,192174.0,28.0,133.0,2009.0
tt0238414,282246.0,16.0,66.0,1999.0
tt1241325,113679.0,99.0,75.0,2009.0
tt0936471,201778.0,27.0,92.0,2009.0
tt0030055,175722.0,18.0,98.0,1938.0
tt0499549,87096.0,28.0,162.0,2009.0
tt0988045,102322.0,28.0,128.0,2009.0
tt1233571,25410.0,28.0,103.0,2008.0
tt1231580,167613.0,35.0,88.0,2009.0
tt1407050,298820.0,35.0,93.0,2009.0
tt1343097,24761.0,28.0,147.0,2009.0
tt0109739,330555.0,35.0,89.0,1994.0
tt0390393,107949.0,27.0,72.0,2003.0
tt0110419,209739.0,28.0,93.0,1994.0
tt0092501,189159.0,28.0,101.0,1987.0
tt1182921,244242.0,28.0,83.0,2009.0
tt0463872,2396.0,14.0,116.0,2008.0
tt1350498,264481.0,27.0,90.0,2009.0
tt0058536,242587.0,16.0,52.0,1964.0
tt0918511,195441.0,35.0,83.0,2007.0
tt0443676,117777.0,28.0,93.0,2006.0
tt0142998,472781.0,28.0,86.0,1973.0
tt0950739,86797.0,28.0,128.0,2008.0
tt0026199,38451.0,80.0,71.0,1935.0
tt0084881,454520.0,16.0,130.0,1982.0
tt0092571,94035.0,18.0,230.0,1987.0
tt1216487,24761.0,18.0,129.0,2009.0
tt1422757,475511.0,99.0,32.0,2006.0
tt0814255,179919.0,12.0,118.0,2010.0
tt1337032,101385.0,35.0,101.0,2009.0
tt1247640,85946.0,28.0,101.0,2009.0
tt1352852,475520.0,99.0,87.0,2009.0
tt0808510,222634.0,35.0,101.0,2010.0
tt1245112,74508.0,53.0,85.0,2009.0
tt0961722,201576.0,27.0,87.0,2009.0
tt1014759,261307.0,10751.0,108.0,2010.0
tt1319733,96679.0,35.0,96.0,2009.0
tt1140941,166378.0,80.0,91.0,2008.0
tt1259781,145901.0,28.0,91.0,2008.0
tt1134854,261590.0,27.0,90.0,2010.0
tt1247704,86668.0,35.0,92.0,2009.0
tt0092848,379920.0,53.0,88.0,1987.0
tt0057318,380006.0,99.0,105.0,1962.0
tt0039349,46082.0,35.0,108.0,1947.0
tt1231587,313576.0,878.0,101.0,2010.0
tt0892769,89137.0,14.0,98.0,2010.0
tt0105616,458017.0,16.0,84.0,1992.0
tt1288403,10713.0,12.0,97.0,2009.0
tt0037168,478628.0,53.0,69.0,1944.0
tt1181927,76291.0,80.0,117.0,2009.0
tt0827737,145901.0,28.0,90.0,2002.0
tt0271029,76291.0,35.0,107.0,2000.0
tt0800320,86780.0,12.0,106.0,2010.0
tt1250777,179892.0,28.0,117.0,2010.0
tt0844948,97156.0,80.0,90.0,2007.0
tt1010265,97156.0,80.0,95.0,2008.0
tt0401398,178117.0,16.0,72.0,2005.0
tt0785025,97919.0,10770.0,87.0,2006.0
tt1422758,475511.0,99.0,44.0,2007.0
tt1196141,86110.0,35.0,92.0,2010.0
tt0790721,378268.0,10749.0,93.0,2007.0
tt0430224,277739.0,18.0,98.0,2005.0
tt0240732,168618.0,878.0,89.0,1999.0
tt1452291,142182.0,99.0,87.0,2009.0
tt0069058,211075.0,16.0,35.0,1972.0
tt1467304,96671.0,27.0,92.0,2009.0
tt0068264,375886.0,27.0,94.0,1972.0
tt0223783,119234.0,28.0,85.0,1970.0
tt0033787,124930.0,27.0,67.0,1941.0
tt0204504,119234.0,18.0,81.0,1970.0
tt1228705,131292.0,12.0,124.0,2010.0
tt0090206,12141.0,35.0,106.0,1985.0
tt0064777,435347.0,10769.0,91.0,1969.0
tt1179056,8581.0,27.0,95.0,2010.0
tt1210106,12077.0,35.0,106.0,2009.0
tt0073498,435347.0,35.0,91.0,1975.0
tt0067540,435347.0,35.0,114.0,1971.0
tt0431340,264434.0,27.0,88.0,2004.0
tt0059440,429234.0,27.0,84.0,1964.0
tt1261945,50457.0,35.0,146.0,2010.0
tt0104008,104068.0,35.0,114.0,1992.0
tt0403645,23170.0,18.0,180.0,2010.0
tt1126596,159603.0,80.0,99.0,2008.0
tt1073105,87258.0,12.0,94.0,2009.0
tt0435761,10194.0,16.0,103.0,2010.0
tt0102522,173628.0,27.0,104.0,1991.0
tt1145479,463068.0,18.0,193.0,2009.0
tt0892791,2150.0,35.0,93.0,2010.0
tt1337057,283417.0,28.0,85.0,2009.0
tt0466899,168618.0,878.0,93.0,2006.0
tt1144539,123218.0,99.0,93.0,2009.0
tt1325004,33514.0,12.0,124.0,2010.0
tt0492962,33878.0,99.0,116.0,2006.0
tt0114469,330555.0,35.0,93.0,1995.0
tt1424381,399.0,28.0,107.0,2010.0
tt1323594,86066.0,16.0,95.0,2010.0
tt1375670,180546.0,35.0,102.0,2010.0
tt0478125,107725.0,27.0,104.0,2007.0
tt1415283,35792.0,35.0,109.0,2010.0
tt1264904,303872.0,35.0,91.0,2009.0
tt1386932,70068.0,28.0,109.0,2010.0
tt0038934,259027.0,80.0,61.0,1946.0
tt0034902,259401.0,12.0,81.0,1942.0
tt1320253,126125.0,53.0,103.0,2010.0
tt0464154,104830.0,35.0,88.0,2010.0
tt1145144,246839.0,18.0,95.0,2008.0
tt0411951,294172.0,80.0,92.0,2010.0
tt0234516,257899.0,28.0,90.0,2000.0
tt0142235,425164.0,16.0,45.0,1989.0
tt1320244,177675.0,27.0,87.0,2010.0
tt1117523,17178.0,35.0,64.0,2007.0
tt1558250,225543.0,99.0,107.0,2010.0
tt0985694,210006.0,28.0,105.0,2010.0
tt1193631,86092.0,18.0,107.0,2010.0
tt0041947,360342.0,28.0,73.0,1949.0
tt1666186,278920.0,27.0,82.0,2010.0
tt1255955,220872.0,35.0,107.0,2009.0
tt1220634,17255.0,28.0,97.0,2010.0
tt1673430,290933.0,28.0,78.0,2010.0
tt1027718,52783.0,18.0,133.0,2010.0
tt1287468,87014.0,35.0,82.0,2010.0
tt0071695,102128.0,28.0,83.0,1974.0
tt0143428,102128.0,28.0,89.0,1973.0
tt0029648,89959.0,9648.0,67.0,1937.0
tt1470827,306926.0,18.0,94.0,2010.0
tt1400526,109076.0,28.0,81.0,2010.0
tt0171357,14095.0,16.0,85.0,1986.0
tt1116184,17178.0,35.0,94.0,2010.0
tt1559549,295777.0,99.0,93.0,2010.0
tt1320304,91660.0,27.0,92.0,2010.0
tt1245526,163902.0,28.0,111.0,2010.0
tt0063386,11118.0,10751.0,80.0,1968.0
tt0063005,10517.0,35.0,90.0,1968.0
tt1536044,41437.0,27.0,91.0,2010.0
tt1156466,117777.0,28.0,96.0,2010.0
tt0073482,11118.0,10751.0,100.0,1975.0
tt1477076,656.0,27.0,90.0,2010.0
tt1230204,166844.0,16.0,88.0,2010.0
tt0085124,324371.0,28.0,89.0,1982.0
tt0318742,369005.0,878.0,146.0,2002.0
tt1725156,2150.0,16.0,21.0,2010.0
tt0926084,1241.0,12.0,146.0,2010.0
tt0398286,463959.0,16.0,100.0,2010.0
tt1199494,158373.0,35.0,93.0,2010.0
tt0070424,167716.0,18.0,55.0,1973.0
tt1176726,376970.0,28.0,97.0,2008.0
tt0437806,129293.0,99.0,57.0,2004.0
tt0410332,395556.0,27.0,77.0,2003.0
tt0980970,420.0,12.0,113.0,2010.0
tt0077756,256297.0,27.0,91.0,1978.0
tt1401143,412736.0,14.0,84.0,2010.0
tt1270835,124901.0,27.0,89.0,2010.0
tt0472175,331475.0,10751.0,90.0,2006.0
tt1104001,63043.0,12.0,125.0,2010.0
tt0093286,256297.0,27.0,95.0,1987.0
tt0061597,201548.0,28.0,111.0,1967.0
tt0104083,264434.0,27.0,83.0,1992.0
tt0102842,461937.0,18.0,98.0,1991.0
tt0302596,322330.0,16.0,30.0,1987.0
tt0970866,51509.0,35.0,98.0,2010.0
tt0079802,141290.0,16.0,98.0,1980.0
tt1680136,441682.0,35.0,93.0,2010.0
tt1629391,395466.0,35.0,104.0,2010.0
tt0032043,438087.0,35.0,80.0,1938.0
tt0923683,429234.0,27.0,94.0,2008.0
tt0060380,429234.0,27.0,108.0,1967.0
tt0046159,188202.0,10749.0,93.0,1953.0
tt1653690,94589.0,28.0,95.0,2010.0
tt1462667,385528.0,28.0,109.0,2010.0
tt0489325,101646.0,28.0,92.0,2007.0
tt0073760,297143.0,35.0,92.0,1975.0
tt0058555,53043.0,14.0,28.0,1964.0
tt1740047,309300.0,35.0,107.0,2010.0
tt0860906,210303.0,16.0,108.0,2009.0
tt1242432,219691.0,53.0,108.0,2010.0
tt1098199,266846.0,16.0,90.0,2003.0
tt1781069,96682.0,99.0,201.0,2011.0
tt0074815,264338.0,27.0,100.0,1976.0
tt0329200,9888.0,80.0,89.0,2002.0
tt1576699,105324.0,27.0,86.0,2010.0
tt0011723,189295.0,12.0,130.0,1920.0
tt0238883,218293.0,18.0,122.0,2000.0
tt1454505,461755.0,35.0,92.0,2010.0
tt0472399,280504.0,28.0,93.0,2011.0
tt1453242,266846.0,12.0,85.0,2002.0
tt0493226,266846.0,16.0,79.0,2004.0
tt0134928,93369.0,27.0,97.0,1998.0
tt1258157,86860.0,9648.0,82.0,2009.0
tt1555747,386495.0,35.0,85.0,2010.0
tt1618435,86860.0,9648.0,79.0,2010.0
tt1555149,119581.0,18.0,115.0,2010.0
tt0411272,85945.0,28.0,133.0,2008.0
tt1464174,44979.0,80.0,107.0,2011.0
tt1457766,426370.0,28.0,97.0,2010.0
tt0810827,102019.0,14.0,141.0,2006.0
tt1591095,228446.0,27.0,103.0,2010.0
tt0912597,102019.0,14.0,129.0,2008.0
tt1267379,56005.0,16.0,74.0,2008.0
tt1650043,86110.0,10751.0,99.0,2011.0
tt0104279,74083.0,35.0,95.0,1992.0
tt0252487,473983.0,35.0,90.0,1975.0
tt1648112,124426.0,28.0,84.0,2010.0
tt1291652,154002.0,18.0,124.0,2010.0
tt0094939,432151.0,14.0,72.0,1988.0
tt1262416,2602.0,27.0,111.0,2011.0
tt1436562,229932.0,16.0,96.0,2011.0
tt0800369,131296.0,12.0,115.0,2011.0
tt0480239,166381.0,18.0,97.0,2011.0
tt1529235,150967.0,35.0,102.0,2010.0
tt0098331,256296.0,27.0,90.0,1989.0
tt1343755,215456.0,35.0,124.0,2009.0
tt1596343,9485.0,28.0,130.0,2011.0
tt1186371,146532.0,28.0,150.0,2009.0
tt0465407,264914.0,18.0,100.0,2007.0
tt0055198,171732.0,14.0,101.0,1961.0
tt0048127,374509.0,28.0,82.0,1955.0
tt1298650,295.0,12.0,136.0,2011.0
tt1411697,86119.0,35.0,102.0,2011.0
tt1394268,123438.0,99.0,99.0,2009.0
tt0063172,374509.0,28.0,89.0,1968.0
tt0150980,303969.0,80.0,111.0,1960.0
tt1646926,66761.0,16.0,75.0,2010.0
tt0192701,166379.0,53.0,101.0,1999.0
tt1302011,77816.0,16.0,91.0,2011.0
tt1270798,748.0,28.0,132.0,2011.0
tt0101864,87805.0,28.0,96.0,1991.0
tt0058544,374509.0,28.0,92.0,1964.0
tt1340773,86668.0,28.0,98.0,2010.0
tt0424279,282246.0,16.0,68.0,2004.0
tt1391137,143588.0,35.0,121.0,2010.0
tt1399103,8650.0,28.0,154.0,2011.0
tt0062825,353754.0,28.0,120.0,1968.0
tt0020695,281097.0,9648.0,88.0,1930.0
tt0312941,120927.0,16.0,75.0,2001.0
tt1499658,280588.0,35.0,98.0,2011.0
tt1216475,87118.0,16.0,106.0,2011.0
tt0063149,261057.0,18.0,107.0,1968.0
tt0101449,362047.0,35.0,87.0,1991.0
tt1728239,142021.0,35.0,,
tt0112041,151861.0,18.0,300.0,1995.0
tt1320302,118474.0,99.0,95.0,2008.0
tt1201607,1241.0,10751.0,130.0,2011.0
tt0458339,131295.0,28.0,124.0,2011.0
tt1699231,123932.0,27.0,86.0,2011.0
tt0062322,303969.0,18.0,90.0,1963.0
tt0029660,89959.0,80.0,67.0,1937.0
tt1482393,87256.0,10751.0,93.0,2011.0
tt0069518,201548.0,28.0,102.0,1971.0
tt0323250,137696.0,16.0,4.0,2002.0
tt0472181,134897.0,16.0,103.0,2011.0
tt0783328,151861.0,18.0,360.0,2008.0
tt0115238,151861.0,37.0,272.0,1996.0
tt1213012,241729.0,10751.0,88.0,2010.0
tt0103813,362047.0,35.0,85.0,1992.0
tt1595842,433061.0,35.0,89.0,2010.0
tt1500491,86116.0,28.0,96.0,2010.0
tt1441956,159616.0,35.0,103.0,2010.0
tt1318514,173710.0,53.0,105.0,2011.0
tt1525835,99321.0,27.0,130.0,2011.0
tt1622979,8864.0,27.0,92.0,2011.0
tt1268799,30663.0,35.0,108.0,2011.0
tt0030469,89959.0,18.0,63.0,1938.0
tt0030483,89959.0,9648.0,62.0,1938.0
tt0086456,314042.0,878.0,104.0,1983.0
tt1517489,86486.0,10751.0,89.0,2011.0
tt1438176,230161.0,27.0,106.0,2011.0
tt0808276,86553.0,18.0,97.0,2006.0
tt1464580,473843.0,18.0,98.0,2010.0
tt1299653,164395.0,27.0,94.0,2009.0
tt1316037,225961.0,27.0,95.0,2010.0
tt1797469,260601.0,9648.0,99.0,2011.0
tt1716772,279959.0,35.0,97.0,2011.0
tt1227378,386549.0,99.0,97.0,2010.0
tt0061037,421566.0,35.0,105.0,1967.0
tt0406977,419784.0,35.0,166.0,2004.0
tt1233301,259085.0,10749.0,121.0,2011.0
tt0848228,86311.0,878.0,143.0,2012.0
tt0905372,479888.0,27.0,103.0,2011.0
tt1729211,220872.0,35.0,112.0,2011.0
tt0497329,98513.0,28.0,96.0,2006.0
tt0783476,129293.0,99.0,57.0,2005.0
tt1084683,129293.0,99.0,60.0,2006.0
tt1778304,41437.0,27.0,83.0,2011.0
tt0038367,177062.0,35.0,69.0,1946.0
tt1634122,86117.0,80.0,101.0,2011.0
tt0047313,421566.0,18.0,131.0,1954.0
tt0102960,168545.0,18.0,97.0,1991.0
tt2587742,165131.0,18.0,88.0,2011.0
tt0085390,432151.0,16.0,78.0,1983.0
tt1204342,256377.0,35.0,103.0,2011.0
tt1324999,33514.0,12.0,117.0,2011.0
tt1948150,286951.0,18.0,143.0,2011.0
tt1071358,437451.0,10402.0,90.0,2008.0
tt1525836,99321.0,28.0,141.0,2011.0
tt0086610,114915.0,878.0,83.0,1982.0
tt1461418,129748.0,16.0,27.0,2009.0
tt0096842,94039.0,10751.0,81.0,1989.0
tt0109162,94039.0,10751.0,85.0,1994.0
tt0371552,94039.0,10751.0,78.0,2006.0
tt1402488,92012.0,16.0,100.0,2011.0
tt1764651,126125.0,28.0,103.0,2012.0
tt0084701,394204.0,28.0,26.0,1982.0
tt1619880,370374.0,27.0,89.0,2010.0
tt1392170,131635.0,878.0,142.0,2012.0
tt1345836,263.0,28.0,165.0,2012.0
tt1194173,31562.0,28.0,120.0,2012.0
tt1515091,102322.0,12.0,129.0,2011.0
tt0071788,458697.0,18.0,89.0,1974.0
tt0995857,104202.0,35.0,101.0,2008.0
tt1229238,87359.0,28.0,133.0,2011.0
tt1615918,167613.0,35.0,87.0,2011.0
tt1328875,91657.0,12.0,88.0,2009.0
tt1781781,294187.0,28.0,99.0,2011.0
tt1564349,288491.0,18.0,113.0,2011.0
tt1446147,288235.0,28.0,102.0,2011.0
tt1496025,2326.0,14.0,88.0,2012.0
tt1530509,96671.0,18.0,91.0,2011.0
tt1255916,86578.0,27.0,88.0,2011.0
tt0070809,303969.0,10751.0,159.0,1973.0
tt0064714,317299.0,10751.0,80.0,1969.0
tt1782568,107465.0,35.0,89.0,2010.0
tt2124096,107465.0,35.0,106.0,2011.0
tt1703199,135466.0,53.0,92.0,2011.0
tt1123373,222639.0,28.0,119.0,2010.0
tt1596365,315560.0,18.0,95.0,2012.0
tt1397514,72547.0,12.0,94.0,2012.0
tt1700258,215452.0,35.0,123.0,2011.0
tt1319743,96680.0,28.0,86.0,2010.0
tt1386925,294226.0,27.0,105.0,2010.0
tt1071875,90306.0,28.0,95.0,2011.0
tt1705773,264481.0,28.0,90.0,2010.0
tt1865567,52985.0,27.0,93.0,2011.0
tt0061014,427956.0,28.0,82.0,1966.0
tt0031678,89959.0,28.0,71.0,1939.0
tt0383678,101385.0,35.0,67.0,1999.0
tt1456635,476961.0,35.0,92.0,2012.0
tt1232829,212562.0,28.0,109.0,2012.0
tt1927077,393126.0,35.0,116.0,2011.0
tt1460738,96666.0,16.0,82.0,2009.0
tt1468321,96666.0,16.0,93.0,2010.0
tt1646987,86780.0,12.0,99.0,2012.0
tt0095368,114431.0,28.0,100.0,1988.0
tt1034314,312977.0,28.0,93.0,2012.0
tt1605630,2806.0,35.0,113.0,2012.0
tt1899353,257960.0,28.0,101.0,2011.0
tt0059914,413946.0,878.0,93.0,1965.0
tt0165297,84785.0,18.0,30.0,1998.0
tt1980986,142015.0,18.0,145.0,2012.0
tt1412386,306937.0,18.0,124.0,2011.0
tt0035726,86414.0,80.0,65.0,1943.0
tt1059969,253537.0,35.0,103.0,2010.0
tt1621045,239430.0,35.0,122.0,2012.0
tt1104836,98430.0,27.0,79.0,2009.0
tt1104123,116669.0,14.0,109.0,2008.0
tt2090463,142182.0,99.0,90.0,2011.0
tt1648216,141649.0,10749.0,122.0,2010.0
tt1235414,174995.0,18.0,90.0,2006.0
tt0808339,70764.0,12.0,108.0,2008.0
tt1409024,86055.0,28.0,106.0,2012.0
tt1735898,393379.0,12.0,127.0,2012.0
tt1268809,136218.0,27.0,93.0,2009.0
tt1446714,135416.0,878.0,124.0,2012.0
tt2040560,292068.0,27.0,89.0,2012.0
tt1604231,101646.0,28.0,94.0,2011.0
tt1640711,466004.0,35.0,97.0,2011.0
tt1277953,14740.0,16.0,93.0,2012.0
tt0045719,53043.0,10402.0,12.0,1953.0
tt0047114,53043.0,14.0,38.0,1954.0
tt0142251,386410.0,28.0,50.0,1986.0
tt0142249,386410.0,28.0,45.0,1987.0
tt1398941,290933.0,16.0,67.0,2009.0
tt1711366,56005.0,16.0,85.0,2010.0
tt0142248,386410.0,28.0,48.0,1988.0
tt0142240,425164.0,28.0,60.0,1990.0
tt0118692,153010.0,16.0,72.0,1997.0
tt0142233,425164.0,28.0,61.0,1990.0
tt0143808,136214.0,12.0,72.0,1998.0
tt1637725,266672.0,35.0,106.0,2012.0
tt1915581,328247.0,18.0,110.0,2012.0
tt0142237,425164.0,28.0,46.0,1992.0
tt1125254,425164.0,28.0,48.0,1991.0
tt0142241,425164.0,28.0,46.0,1992.0
tt0142242,425164.0,16.0,70.0,1993.0
tt0948470,125574.0,28.0,136.0,2012.0
tt0142238,425164.0,28.0,50.0,1993.0
tt1261978,52985.0,27.0,91.0,2009.0
tt1667889,8354.0,16.0,88.0,2012.0
tt0281634,117693.0,10751.0,75.0,2002.0
tt0032457,220448.0,9648.0,68.0,1940.0
tt1602472,138908.0,35.0,91.0,2012.0
tt0142239,425164.0,28.0,48.0,1994.0
tt0142234,425164.0,28.0,50.0,1994.0
tt0142236,425164.0,28.0,55.0,1995.0
tt1137996,105995.0,28.0,91.0,2008.0
tt1630637,198697.0,35.0,108.0,2011.0
tt0142243,425164.0,14.0,51.0,1995.0
tt0142245,425189.0,28.0,48.0,1990.0
tt0120428,103291.0,27.0,92.0,1997.0
tt0321715,187734.0,35.0,72.0,1993.0
tt1767319,122922.0,12.0,96.0,2011.0
tt0142247,425189.0,28.0,48.0,1993.0
tt0038478,224011.0,28.0,62.0,1946.0
tt0400347,140758.0,27.0,94.0,2007.0
tt0969647,33085.0,10751.0,77.0,2008.0
tt1074638,645.0,28.0,143.0,2012.0
tt0304584,257899.0,53.0,90.0,2002.0
tt2023453,86110.0,35.0,94.0,2012.0
tt0291082,55419.0,10751.0,74.0,2002.0
tt1714203,104830.0,27.0,83.0,2012.0
tt2028530,105629.0,99.0,121.0,2011.0
tt1981677,306031.0,35.0,112.0,2012.0
tt0080132,123640.0,10770.0,96.0,1979.0
tt0940657,85817.0,12.0,93.0,2009.0
tt0087127,48655.0,28.0,80.0,1983.0
tt0092860,48655.0,28.0,85.0,1987.0
tt1855325,17255.0,28.0,95.0,2012.0
tt0081180,123640.0,10770.0,94.0,1980.0
tt0847745,259363.0,35.0,120.0,2007.0
tt1792799,158643.0,27.0,93.0,2011.0
tt2105044,207621.0,53.0,116.0,2012.0
tt1397280,135483.0,28.0,91.0,2012.0
tt1339302,23497.0,28.0,94.0,2008.0
tt0829424,467577.0,35.0,86.0,2006.0
tt1701976,113679.0,99.0,85.0,2011.0
tt1922777,357173.0,27.0,110.0,2012.0
tt0837562,185103.0,16.0,91.0,2012.0
tt0060278,275873.0,878.0,81.0,1966.0
tt0026197,38451.0,80.0,73.0,1935.0
tt0024968,38451.0,80.0,79.0,1934.0
tt1192431,165778.0,10752.0,116.0,2008.0
tt1985017,166381.0,18.0,112.0,2012.0
tt0085183,48194.0,14.0,98.0,1982.0
tt1704614,230532.0,10751.0,86.0,2011.0
tt1867101,385717.0,18.0,108.0,2012.0
tt0844993,87255.0,35.0,86.0,2011.0
tt1649444,74508.0,27.0,80.0,2012.0
tt1954470,244500.0,28.0,320.0,2012.0
tt1597522,2396.0,10751.0,110.0,2012.0
tt2147134,95051.0,99.0,144.0,2012.0
tt2109184,41437.0,27.0,95.0,2012.0
tt1981080,161373.0,28.0,100.0,2012.0
tt1712170,142680.0,28.0,101.0,2012.0
tt0938330,64748.0,53.0,94.0,2012.0
tt2036408,324475.0,35.0,108.0,2012.0
tt0089852,245129.0,99.0,107.0,1985.0
tt1772341,404825.0,10751.0,108.0,2012.0
tt0031891,86224.0,9648.0,72.0,1939.0
tt1258972,334356.0,28.0,96.0,2012.0
tt0448120,338282.0,53.0,93.0,2005.0
tt0318641,255702.0,35.0,56.0,2002.0
tt0499487,110177.0,18.0,91.0,2009.0
tt1753968,17178.0,35.0,85.0,2011.0
tt1781896,116669.0,28.0,106.0,2012.0
tt0156182,135489.0,14.0,96.0,1999.0
tt2313197,248534.0,28.0,76.0,2012.0
tt1673434,33514.0,12.0,115.0,2012.0
tt1800741,86092.0,10402.0,99.0,2012.0
tt1716747,8917.0,27.0,75.0,2011.0
tt0079315,205459.0,35.0,92.0,1979.0
tt0455142,338416.0,12.0,75.0,2005.0
tt1928330,261286.0,28.0,90.0,2012.0
tt1242447,239595.0,35.0,105.0,2009.0
tt2281069,201873.0,35.0,86.0,2012.0
tt0085864,205459.0,28.0,92.0,1983.0
tt0070356,93287.0,10752.0,95.0,1973.0
tt0086605,300431.0,28.0,108.0,1983.0
tt0089177,300431.0,28.0,96.0,1985.0
tt0090342,300431.0,28.0,105.0,1985.0
tt0079891,184977.0,28.0,95.0,1982.0
tt0086301,184977.0,28.0,103.0,1984.0
tt0091607,184977.0,28.0,90.0,1986.0
tt0903624,121938.0,12.0,169.0,2012.0
tt0120530,10457.0,28.0,102.0,1997.0
tt1934269,409138.0,18.0,84.0,2012.0
tt0114732,283733.0,35.0,105.0,1995.0
tt0349225,260586.0,35.0,100.0,2003.0
tt0066952,327871.0,27.0,93.0,1970.0
tt0790724,403374.0,80.0,130.0,2012.0
tt0067991,375886.0,27.0,95.0,1971.0
tt0295052,119237.0,28.0,90.0,1968.0
tt1792647,391739.0,14.0,91.0,2012.0
tt2347497,256296.0,35.0,99.0,2012.0
tt0101256,135501.0,27.0,93.0,1992.0
tt0100975,114915.0,878.0,92.0,1990.0
tt0115006,114915.0,27.0,97.0,1995.0
tt2072141,45355.0,35.0,89.0,2012.0
tt1252380,148055.0,35.0,97.0,2010.0
tt1447972,206559.0,18.0,98.0,2010.0
tt1748227,165369.0,27.0,94.0,2012.0
tt1979319,247028.0,28.0,134.0,2012.0
tt0071357,133891.0,35.0,90.0,1974.0
tt0072814,133891.0,35.0,91.0,1975.0
tt0159241,84785.0,27.0,30.0,1994.0
tt1572315,111751.0,27.0,92.0,2013.0
tt2112131,256433.0,28.0,125.0,2012.0
tt2243537,251937.0,35.0,86.0,2013.0
tt2166834,248534.0,28.0,78.0,2013.0
tt1961324,34055.0,16.0,96.0,2011.0
tt1739212,34055.0,12.0,96.0,2011.0
tt0431420,59235.0,10770.0,87.0,2005.0
tt0800095,59235.0,18.0,87.0,2006.0
tt0905345,59235.0,10770.0,88.0,2007.0
tt1315216,59235.0,18.0,87.0,2010.0
tt1710573,59235.0,10770.0,90.0,2011.0
tt2004262,59235.0,18.0,87.0,2012.0
tt1418712,108804.0,28.0,101.0,2012.0
tt0051143,415931.0,35.0,61.0,1957.0
tt0123328,456733.0,80.0,104.0,1997.0
tt0110667,136218.0,35.0,96.0,1994.0
tt1988591,86116.0,28.0,105.0,2013.0
tt0057846,91813.0,12.0,117.0,1964.0
tt0068371,374509.0,10769.0,89.0,1972.0
tt0074343,133891.0,35.0,90.0,1976.0
tt0075875,133891.0,35.0,88.0,1977.0
tt1457765,169740.0,27.0,101.0,2013.0
tt1174954,133352.0,16.0,97.0,2008.0
tt1935896,207632.0,27.0,123.0,2013.0
tt0142316,445332.0,80.0,95.0,1997.0
tt1753496,133352.0,16.0,100.0,2012.0
tt1424310,146136.0,28.0,120.0,2012.0
tt0068866,354210.0,12.0,90.0,1972.0
tt1606378,1570.0,28.0,98.0,2013.0
tt1609808,135014.0,35.0,89.0,2011.0
tt1659343,10713.0,53.0,114.0,2012.0
tt2209418,123800.0,10749.0,108.0,2013.0
tt2085930,10522.0,16.0,89.0,2012.0
tt0066019,53043.0,9648.0,29.0,1974.0
tt2017561,456576.0,28.0,110.0,2013.0
tt0100107,254636.0,27.0,90.0,1990.0
tt0002844,188534.0,80.0,54.0,1913.0
tt2034139,177675.0,27.0,88.0,2013.0
tt1583421,135468.0,12.0,110.0,2013.0
tt0449077,328073.0,28.0,95.0,2006.0
tt0481499,464577.0,12.0,98.0,2013.0
tt0098512,114431.0,12.0,100.0,1989.0
tt0098048,205145.0,878.0,89.0,1988.0
tt2302755,386534.0,28.0,120.0,2013.0
tt0461936,44724.0,28.0,178.0,2006.0
tt0481513,3169.0,35.0,95.0,2006.0
tt0071256,108170.0,27.0,89.0,1974.0
tt2078523,286936.0,28.0,103.0,2012.0
tt0254481,246091.0,18.0,171.0,2003.0
tt0795461,4246.0,35.0,86.0,2013.0
tt1651323,278920.0,27.0,83.0,2012.0
tt2027128,256287.0,28.0,77.0,2012.0
tt1300854,131292.0,28.0,130.0,2013.0
tt0021668,38451.0,53.0,71.0,1931.0
tt0074653,405256.0,28.0,85.0,1976.0
tt0083735,385639.0,28.0,87.0,1982.0
tt1422675,1972.0,27.0,61.0,2009.0
tt1422674,1972.0,27.0,60.0,2009.0
tt0110625,385712.0,28.0,96.0,1984.0
tt0076827,385639.0,28.0,101.0,1977.0
tt0179183,86341.0,878.0,92.0,1999.0
tt1408101,115575.0,28.0,132.0,2013.0
tt0066603,96887.0,12.0,115.0,1970.0
tt0049762,456.0,18.0,107.0,1956.0
tt1951261,86119.0,35.0,100.0,2013.0
tt1905041,9485.0,28.0,130.0,2013.0
tt0078937,197476.0,28.0,97.0,1979.0
tt0078938,197476.0,28.0,88.0,1979.0
tt2204379,476071.0,27.0,55.0,2012.0
tt1670345,382685.0,53.0,115.0,2013.0
tt0062900,65906.0,99.0,100.0,1968.0
tt0770828,209131.0,28.0,143.0,2013.0
tt2184339,256322.0,878.0,86.0,2013.0
tt1176416,182923.0,28.0,71.0,2009.0
tt2224075,87256.0,35.0,89.0,2012.0
tt1453405,137696.0,16.0,104.0,2013.0
tt1776196,140612.0,12.0,110.0,2011.0
tt1663662,363369.0,28.0,131.0,2013.0
tt2465238,386162.0,16.0,71.0,2013.0
tt0816711,416468.0,28.0,116.0,2013.0
tt0177876,88735.0,28.0,91.0,1999.0
tt0030470,89959.0,18.0,72.0,1938.0
tt1690953,86066.0,16.0,98.0,2013.0
tt0097429,44913.0,14.0,94.0,1991.0
tt0109895,44913.0,35.0,84.0,1994.0
tt1808587,112537.0,35.0,,
tt0411805,101471.0,35.0,88.0,2005.0
tt2450186,207621.0,27.0,95.0,2013.0
tt0411806,101471.0,35.0,86.0,2005.0
tt0117966,188458.0,27.0,90.0,1996.0
tt2724064,286023.0,10770.0,86.0,2013.0
tt0102579,112537.0,35.0,107.0,1991.0
tt2296404,161373.0,28.0,100.0,2012.0
tt2820466,256287.0,14.0,75.0,2013.0
tt1457767,313086.0,27.0,112.0,2013.0
tt1679235,99606.0,35.0,96.0,2011.0
tt2795078,225543.0,99.0,125.0,2013.0
tt1430132,453993.0,28.0,126.0,2013.0
tt1821694,163902.0,28.0,116.0,2013.0
tt0099387,114431.0,28.0,95.0,1990.0
tt0031721,47400.0,80.0,59.0,1939.0
tt0122961,116661.0,28.0,101.0,1998.0
tt1625350,101646.0,28.0,93.0,2012.0
tt1854564,179919.0,12.0,106.0,2013.0
tt2017020,134897.0,14.0,105.0,2013.0
tt0099277,164397.0,878.0,99.0,1990.0
tt2908228,343297.0,16.0,72.0,2013.0
tt0078187,145901.0,28.0,102.0,1978.0
tt2557848,45355.0,35.0,60.0,2012.0
tt0346578,421904.0,12.0,74.0,2003.0
tt0104609,105322.0,28.0,92.0,1992.0
tt0110255,105322.0,18.0,90.0,1994.0
tt0109442,164397.0,28.0,87.0,1994.0
tt1723121,297923.0,35.0,110.0,2013.0
tt2191701,180546.0,35.0,100.0,2013.0
tt1650554,179892.0,28.0,103.0,2013.0
tt1411250,2794.0,878.0,119.0,2013.0
tt1691917,270252.0,16.0,91.0,2013.0
tt0123334,96887.0,12.0,87.0,1964.0
tt0031677,89959.0,80.0,64.0,1939.0
tt1339122,480071.0,35.0,92.0,2009.0
tt1188990,86553.0,18.0,86.0,2008.0
tt1464535,86553.0,27.0,95.0,2010.0
tt0364447,101676.0,28.0,110.0,2003.0
tt0103002,103291.0,14.0,83.0,1991.0
tt0106436,103291.0,14.0,107.0,1993.0
tt0109302,103291.0,14.0,83.0,1994.0
tt0101005,137766.0,35.0,96.0,1990.0
tt0181315,103291.0,27.0,85.0,1998.0
tt0295369,416305.0,27.0,77.0,2002.0
tt1603314,416305.0,27.0,76.0,2010.0
tt2256858,416305.0,27.0,90.0,2012.0
tt1504467,107949.0,27.0,81.0,2010.0
tt2537176,219691.0,53.0,106.0,2013.0
tt2226417,228446.0,27.0,106.0,2013.0
tt1778924,269190.0,18.0,105.0,2013.0
tt2371824,243811.0,18.0,113.0,2012.0
tt2476154,419784.0,35.0,140.0,2013.0
tt0109209,398758.0,35.0,,
tt0102848,88574.0,27.0,104.0,1991.0
tt0105322,88574.0,27.0,101.0,1992.0
tt2230358,10455.0,27.0,97.0,2013.0
tt0086896,161314.0,28.0,89.0,1984.0
tt1985966,177467.0,16.0,95.0,2013.0
tt0166960,140910.0,16.0,73.0,1998.0
tt1969175,25542.0,10751.0,85.0,2012.0
tt2002718,210006.0,28.0,107.0,2013.0
tt0035706,90031.0,53.0,63.0,1943.0
tt0037722,90031.0,14.0,61.0,1945.0
tt0037453,90031.0,9648.0,64.0,1944.0
tt0119576,121195.0,18.0,105.0,1997.0
tt0255198,374512.0,28.0,105.0,2000.0
tt0070122,374509.0,878.0,78.0,1973.0
tt0233277,462565.0,14.0,100.0,2001.0
tt0117089,171732.0,28.0,104.0,1996.0
tt0109916,374511.0,878.0,108.0,1994.0
tt0037989,90031.0,9648.0,66.0,1945.0
tt0133104,171732.0,878.0,97.0,1997.0
tt0189764,171732.0,28.0,99.0,1998.0
tt3063516,17178.0,35.0,92.0,2013.0
tt1017456,259256.0,18.0,161.0,2008.0
tt1981115,131296.0,28.0,112.0,2013.0
tt0366526,374512.0,878.0,91.0,2003.0
tt0314111,374512.0,28.0,88.0,2002.0
tt2083355,243598.0,35.0,123.0,2013.0
tt1485763,23456.0,16.0,114.0,2009.0
tt2375379,23456.0,28.0,108.0,2012.0
tt0099260,279445.0,28.0,86.0,1990.0
tt1951264,131635.0,12.0,146.0,2013.0
tt1170358,121938.0,12.0,161.0,2013.0
tt1029231,246091.0,28.0,152.0,2013.0
tt2294629,386382.0,16.0,102.0,2013.0
tt0164882,160677.0,28.0,104.0,1962.0
tt0059080,161766.0,28.0,80.0,1965.0
tt0056714,96887.0,12.0,96.0,1962.0
tt0200309,96887.0,12.0,72.0,1962.0
tt2231554,135466.0,27.0,95.0,2012.0
tt0860907,210303.0,16.0,106.0,2012.0
tt2486630,230161.0,27.0,99.0,2013.0
tt0060446,161766.0,14.0,106.0,1966.0
tt1015999,86024.0,35.0,86.0,2009.0
tt0057503,96887.0,28.0,91.0,1963.0
tt0057715,96887.0,18.0,86.0,1963.0
tt2177509,418219.0,18.0,71.0,2012.0
tt0164982,96887.0,12.0,96.0,1970.0
tt0088334,354164.0,16.0,95.0,1984.0
tt0057714,96887.0,28.0,85.0,1963.0
tt0130377,96887.0,28.0,83.0,1964.0
tt0191664,96887.0,28.0,82.0,1964.0
tt0164984,96887.0,12.0,86.0,1964.0
tt0202154,96887.0,12.0,88.0,1965.0
tt0123335,96887.0,28.0,84.0,1965.0
tt1288461,23453.0,28.0,110.0,2008.0
tt1422651,23453.0,28.0,120.0,2009.0
tt0249677,97460.0,10749.0,69.0,2001.0
tt2969050,340633.0,35.0,87.0,2013.0
tt0059942,96887.0,28.0,87.0,1965.0
tt0143012,96887.0,28.0,83.0,1966.0
tt0199905,96887.0,18.0,82.0,1966.0
tt1229340,93791.0,35.0,119.0,2013.0
tt0090930,430201.0,27.0,91.0,1986.0
tt2458106,244242.0,28.0,95.0,2013.0
tt0817307,87214.0,12.0,96.0,2007.0
tt1560671,137913.0,80.0,129.0,2011.0
tt0080530,351721.0,35.0,99.0,1980.0
tt2987732,344555.0,35.0,119.0,2013.0
tt3194532,393744.0,35.0,100.0,2013.0
tt0186725,96887.0,12.0,93.0,1967.0
tt0422091,44976.0,28.0,124.0,2004.0
tt2317524,221622.0,28.0,95.0,2013.0
tt0069536,283775.0,37.0,102.0,1973.0
tt0106743,264434.0,27.0,64.0,1993.0
tt2473682,41437.0,27.0,84.0,2014.0
tt0110420,209739.0,28.0,93.0,1994.0
tt2263944,425164.0,16.0,85.0,2013.0
tt0142244,425164.0,28.0,43.0,1991.0
tt1937118,239766.0,35.0,117.0,2013.0
tt0142250,386410.0,28.0,74.0,1996.0
tt0285104,113589.0,28.0,11.0,2001.0
tt2288005,166844.0,12.0,92.0,2012.0
tt1408253,376650.0,28.0,99.0,2014.0
tt1205537,192492.0,28.0,105.0,2014.0
tt1840309,283579.0,12.0,139.0,2014.0
tt0198837,24726.0,28.0,108.0,1999.0
tt3060952,256287.0,16.0,79.0,2014.0
tt0063000,161766.0,12.0,81.0,1968.0
tt1588342,154002.0,80.0,99.0,2012.0
tt3074694,293981.0,18.0,90.0,2014.0
tt0445800,52835.0,35.0,95.0,2006.0
tt2325989,408196.0,10751.0,110.0,2013.0
tt0062518,96887.0,12.0,96.0,1967.0
tt0063834,96887.0,12.0,87.0,1967.0
tt0064360,161766.0,12.0,82.0,1969.0
tt1208647,98513.0,10752.0,94.0,2009.0
tt1490017,325470.0,12.0,100.0,2014.0
tt1234721,5547.0,28.0,102.0,2014.0
tt0117547,2704.0,14.0,172.0,1996.0
tt2382009,258664.0,18.0,123.0,2013.0
tt2230434,118657.0,80.0,,
tt0171725,141292.0,16.0,79.0,1998.0
tt2204340,252338.0,28.0,118.0,2012.0
tt1285241,44724.0,28.0,145.0,2011.0
tt1856053,141615.0,16.0,79.0,2012.0
tt1776143,397341.0,10749.0,115.0,2011.0
tt0467923,161766.0,28.0,96.0,2006.0
tt0463953,110179.0,35.0,98.0,2006.0
tt1349482,430186.0,35.0,102.0,2009.0
tt0200310,160677.0,28.0,93.0,1963.0
tt0369281,59007.0,28.0,70.0,2003.0
tt0387658,59007.0,28.0,72.0,2004.0
tt0471588,59007.0,28.0,74.0,2005.0
tt0878647,25410.0,12.0,88.0,2009.0
tt1473345,59007.0,28.0,80.0,2009.0
tt1253863,125570.0,28.0,102.0,2014.0
tt2281159,358930.0,27.0,78.0,2013.0
tt2438644,319850.0,53.0,100.0,2013.0
tt2823088,418219.0,18.0,97.0,2014.0
tt1571243,14246.0,10752.0,91.0,2011.0
tt3034258,403001.0,35.0,,
tt2464018,455278.0,35.0,85.0,2013.0
tt2955316,388180.0,35.0,98.0,2014.0
tt0029926,393326.0,80.0,63.0,1938.0
tt2668134,454520.0,16.0,115.0,2013.0
tt0096952,121067.0,28.0,85.0,1989.0
tt1843866,131295.0,28.0,136.0,2014.0
tt1821658,464308.0,16.0,85.0,2014.0
tt3146360,455123.0,12.0,104.0,2013.0
tt1153546,97307.0,28.0,79.0,2010.0
tt0896036,97307.0,28.0,99.0,2007.0
tt0445570,160792.0,35.0,105.0,2005.0
tt2175565,160792.0,35.0,104.0,2012.0
tt2281587,256377.0,35.0,112.0,2014.0
tt1219817,108502.0,14.0,182.0,2010.0
tt2265171,257960.0,28.0,150.0,2014.0
tt0103116,47627.0,28.0,85.0,1991.0
tt1872181,125574.0,28.0,142.0,2014.0
tt3139072,334996.0,16.0,74.0,2014.0
tt0105632,47627.0,28.0,75.0,1992.0
tt2528814,409343.0,18.0,113.0,2014.0
tt2357291,229932.0,16.0,102.0,2014.0
tt1870419,124901.0,27.0,89.0,2013.0
tt2828996,251937.0,35.0,87.0,2014.0
tt0279967,87236.0,16.0,79.0,2004.0
tt0224098,160677.0,28.0,87.0,1964.0
tt0230832,458095.0,28.0,76.0,1965.0
tt1942787,237444.0,10751.0,89.0,2011.0
tt1489248,237444.0,10751.0,95.0,2009.0
tt2315500,237444.0,10751.0,90.0,2013.0
tt2004420,400700.0,35.0,96.0,2014.0
tt3111728,241729.0,16.0,45.0,2013.0
tt3600760,241729.0,16.0,45.0,2014.0
tt0865907,174386.0,28.0,92.0,2009.0
tt0057860,458095.0,878.0,83.0,1965.0
tt0028165,303969.0,36.0,65.0,1936.0
tt0164983,96887.0,12.0,84.0,1968.0
tt1877832,748.0,28.0,131.0,2014.0
tt0406280,303969.0,99.0,90.0,1981.0
tt0063835,96887.0,12.0,82.0,1968.0
tt0202153,96887.0,12.0,90.0,1972.0
tt0201922,96887.0,12.0,95.0,1972.0
tt0072439,96887.0,28.0,88.0,1973.0
tt0048957,458095.0,878.0,78.0,1965.0
tt2904608,260601.0,53.0,95.0,2014.0
tt2904626,260601.0,28.0,93.0,2014.0
tt0078846,294834.0,35.0,93.0,1979.0
tt2381249,87359.0,28.0,131.0,2015.0
tt2996648,261286.0,28.0,91.0,2014.0
tt1831806,264339.0,27.0,84.0,2012.0
tt2112281,463959.0,16.0,6.0,2012.0
tt2294449,212562.0,80.0,112.0,2014.0
tt1646971,89137.0,14.0,102.0,2014.0
tt0070297,123724.0,28.0,85.0,1974.0
tt2082415,306063.0,18.0,94.0,2012.0
tt2239832,239430.0,35.0,105.0,2014.0
tt2109248,8650.0,878.0,165.0,2014.0
tt2980706,270252.0,16.0,83.0,2014.0
tt2103281,173710.0,878.0,130.0,2014.0
tt3572132,1972.0,27.0,91.0,2014.0
tt2975578,256322.0,27.0,104.0,2014.0
tt2015381,284433.0,28.0,121.0,2014.0
tt2333784,126125.0,28.0,127.0,2014.0
tt2371834,243811.0,18.0,92.0,2013.0
tt1107807,239011.0,18.0,109.0,2007.0
tt0033059,47400.0,9648.0,72.0,1940.0
tt1258134,417481.0,28.0,107.0,2009.0
tt2967006,309300.0,35.0,108.0,2014.0
tt1322333,70764.0,28.0,119.0,2011.0
tt2626350,86092.0,10749.0,112.0,2014.0
tt3743126,370374.0,27.0,88.0,2014.0
tt1291150,401562.0,878.0,101.0,2014.0
tt0031680,220448.0,9648.0,71.0,1939.0
tt2436046,347469.0,35.0,76.0,2013.0
tt3606698,347469.0,12.0,80.0,2014.0
tt3638012,87800.0,16.0,90.0,2014.0
tt0062782,37261.0,12.0,88.0,1968.0
tt0044052,402457.0,37.0,54.0,1951.0
tt3097204,279959.0,35.0,96.0,2014.0
tt1064884,59235.0,10770.0,88.0,2009.0
tt0458481,135179.0,80.0,102.0,2014.0
tt0038056,413661.0,9648.0,65.0,1945.0
tt3461828,288235.0,28.0,97.0,2014.0
tt0036706,413661.0,35.0,63.0,1944.0
tt2800038,166381.0,18.0,99.0,2014.0
tt2231489,109079.0,28.0,93.0,2014.0
tt0057920,37261.0,35.0,87.0,1964.0
tt0034586,413661.0,80.0,62.0,1942.0
tt1790864,295130.0,28.0,113.0,2014.0
tt3062074,286023.0,53.0,86.0,2014.0
tt3244992,101385.0,35.0,95.0,2014.0
tt2102496,201576.0,27.0,91.0,2014.0
tt3322940,402074.0,27.0,99.0,2014.0
tt0081099,312744.0,35.0,82.0,1980.0
tt0028707,38451.0,35.0,71.0,1937.0
tt0027439,38451.0,80.0,72.0,1936.0
tt0444505,2248.0,35.0,91.0,2005.0
tt0028708,38451.0,28.0,71.0,1937.0
tt0027440,38451.0,80.0,68.0,1936.0
tt0097527,102782.0,27.0,95.0,1989.0
tt3766424,17178.0,35.0,76.0,2014.0
tt0120254,144200.0,14.0,71.0,1997.0
tt0041238,280539.0,28.0,76.0,1949.0
tt2911666,404609.0,28.0,101.0,2014.0
tt3729920,446782.0,18.0,119.0,2014.0
tt1180329,185682.0,18.0,29.0,1962.0
tt1087858,206449.0,16.0,72.0,2007.0
tt0027441,38451.0,9648.0,70.0,1936.0
tt0032324,413661.0,80.0,63.0,1940.0
tt0031147,413661.0,9648.0,72.0,1939.0
tt0031148,413661.0,80.0,75.0,1939.0
tt0029984,413661.0,9648.0,67.0,1938.0
tt0149215,144200.0,14.0,71.0,1998.0
tt0032325,413661.0,80.0,66.0,1940.0
tt0026198,38451.0,35.0,72.0,1935.0
tt0031149,413661.0,9648.0,70.0,1939.0
tt0033458,413661.0,80.0,60.0,1941.0
tt0036709,413661.0,9648.0,66.0,1944.0
tt0028709,38451.0,80.0,68.0,1937.0
tt0107289,206449.0,16.0,73.0,1993.0
tt0022755,38451.0,9648.0,73.0,1932.0
tt0024969,38451.0,9648.0,70.0,1934.0
tt0062006,138965.0,27.0,90.0,1967.0
tt0068290,138965.0,27.0,94.0,1971.0
tt1204977,426103.0,27.0,89.0,2014.0
tt0116728,206449.0,16.0,72.0,1996.0
tt1621429,221111.0,28.0,89.0,2011.0
tt0032263,177062.0,35.0,72.0,1940.0
tt2992146,222639.0,28.0,133.0,2013.0
tt0286151,113589.0,28.0,7.0,2001.0
tt0023881,38451.0,9648.0,70.0,1933.0
tt0032326,413661.0,35.0,77.0,1940.0
tt0027442,38451.0,80.0,72.0,1936.0
tt0355315,263193.0,12.0,79.0,2003.0
tt0098691,99635.0,10752.0,114.0,1989.0
tt1266027,166373.0,28.0,95.0,2009.0
tt2268419,473185.0,37.0,100.0,2013.0
tt2992552,98513.0,28.0,98.0,2014.0
tt0116817,19163.0,10751.0,74.0,1996.0
tt0123950,19163.0,10751.0,74.0,1997.0
tt0167247,19163.0,10751.0,77.0,1998.0
tt0166973,8783.0,10751.0,96.0,1998.0
tt0197230,8783.0,12.0,78.0,1999.0
tt2334841,166373.0,28.0,86.0,2013.0
tt1403214,243811.0,18.0,120.0,2012.0
tt1290135,115225.0,18.0,92.0,2009.0
tt0177625,115225.0,27.0,82.0,1999.0
tt0150111,115225.0,27.0,83.0,1998.0
tt1745672,115225.0,27.0,95.0,2011.0
tt0279730,115225.0,27.0,82.0,2001.0
tt0035744,404136.0,28.0,67.0,1943.0
tt2004432,268098.0,27.0,106.0,2013.0
tt1217213,315595.0,16.0,92.0,2012.0
tt1216516,315595.0,16.0,81.0,2009.0
tt0038427,280539.0,10751.0,92.0,1946.0
tt1894561,255478.0,18.0,92.0,2012.0
tt3776288,14246.0,53.0,94.0,2014.0
tt0112765,98853.0,28.0,90.0,1995.0
tt0109518,382238.0,28.0,93.0,1994.0
tt0112766,382238.0,28.0,94.0,1995.0
tt2910342,255478.0,10751.0,91.0,2014.0
tt0038449,413661.0,80.0,66.0,1946.0
tt0110256,105322.0,28.0,87.0,1995.0
tt2043932,124426.0,28.0,78.0,2011.0
tt0037461,33381.0,53.0,59.0,1944.0
tt0038452,413661.0,80.0,61.0,1946.0
tt2832470,286038.0,27.0,100.0,2014.0
tt0036749,90031.0,9648.0,64.0,1944.0
tt0033519,413661.0,9648.0,61.0,1941.0
tt0202152,96887.0,28.0,116.0,1989.0
tt1399952,350836.0,28.0,99.0,2009.0
tt1856014,108043.0,53.0,109.0,2012.0
tt2007993,313234.0,18.0,144.0,2011.0
tt3701804,386549.0,99.0,89.0,2014.0
tt3013602,331841.0,35.0,85.0,2014.0
tt0059076,123213.0,27.0,86.0,1965.0
tt0060188,98462.0,28.0,94.0,1966.0
tt1951265,131635.0,878.0,123.0,2014.0
tt0303668,2704.0,14.0,180.0,2002.0
tt0100912,9500.0,16.0,93.0,1990.0
tt0102940,351228.0,35.0,95.0,1990.0
tt2096672,96665.0,35.0,110.0,2014.0
tt2531282,475520.0,99.0,90.0,2014.0
tt0032819,413661.0,80.0,65.0,1940.0
tt1055300,132877.0,14.0,103.0,2008.0
tt2978462,288491.0,10751.0,107.0,2014.0
tt2203308,282971.0,18.0,132.0,2013.0
tt2926810,207632.0,27.0,125.0,2014.0
tt1235075,147220.0,35.0,110.0,2008.0
tt1155705,17149.0,878.0,142.0,2008.0
tt1330607,417064.0,18.0,130.0,2008.0
tt3704538,207621.0,27.0,81.0,2014.0
tt0862748,145901.0,28.0,133.0,2014.0
tt1717715,392206.0,28.0,119.0,2014.0
tt1793931,389544.0,35.0,95.0,2011.0
tt0092723,363966.0,10751.0,75.0,1987.0
tt0109078,174245.0,878.0,90.0,1994.0
tt0112319,174245.0,10770.0,87.0,1995.0
tt0115505,174245.0,878.0,91.0,1996.0
tt0115504,174245.0,878.0,90.0,1996.0
tt0369610,328.0,28.0,124.0,2015.0
tt3759416,94039.0,16.0,85.0,2014.0
tt0061576,266731.0,28.0,109.0,1967.0
tt2170439,280588.0,35.0,108.0,2014.0
tt0089029,108125.0,28.0,89.0,1985.0
tt0050323,192486.0,35.0,104.0,1957.0
tt0057004,192486.0,35.0,102.0,1963.0
tt0046921,192486.0,35.0,92.0,1954.0
tt1080926,3169.0,35.0,90.0,2009.0
tt1024724,3169.0,35.0,85.0,2008.0
tt0214641,169452.0,28.0,84.0,2000.0
tt0109678,12203.0,28.0,91.0,1994.0
tt1911658,14740.0,10751.0,92.0,2014.0
tt4046784,295130.0,28.0,132.0,2015.0
tt0048001,192486.0,35.0,93.0,1955.0
tt2089750,239595.0,35.0,105.0,2012.0
tt0072791,452675.0,28.0,94.0,1975.0
tt2308733,9888.0,35.0,87.0,2012.0
tt1925518,251970.0,28.0,104.0,2013.0
tt0102585,10919.0,14.0,97.0,1991.0
tt1290099,160401.0,27.0,86.0,2008.0
tt0081471,330524.0,35.0,85.0,1980.0
tt1814614,437451.0,35.0,88.0,2011.0
tt0972785,430186.0,35.0,90.0,2007.0
tt3699508,285564.0,10752.0,103.0,2014.0
tt3486392,307637.0,35.0,93.0,2014.0
tt2310332,121938.0,28.0,144.0,2014.0
tt0072448,1657.0,37.0,124.0,1975.0
tt0060903,473730.0,18.0,95.0,1965.0
tt0059601,473730.0,37.0,98.0,1965.0
tt0435665,117927.0,10770.0,95.0,2005.0
tt0285595,153636.0,53.0,,
tt0839739,448468.0,99.0,90.0,2006.0
tt0075260,188138.0,18.0,95.0,1976.0
tt0076753,188138.0,35.0,101.0,1976.0
tt0078312,188138.0,35.0,,
tt0078802,188138.0,35.0,98.0,1979.0
tt0082256,188138.0,80.0,,
tt0083812,188138.0,35.0,,
tt2802144,391860.0,80.0,130.0,2015.0
tt2692250,85943.0,12.0,97.0,2014.0
tt3019796,303872.0,10751.0,97.0,2014.0
tt0052676,37261.0,35.0,86.0,1959.0
tt0053699,37261.0,35.0,86.0,1960.0
tt0069713,296358.0,80.0,118.0,1973.0
tt0439771,9068.0,27.0,75.0,2005.0
tt0071139,296358.0,35.0,111.0,1974.0
tt1872101,201260.0,18.0,102.0,2013.0
tt0129924,19160.0,16.0,72.0,1998.0
tt0114416,69788.0,28.0,100.0,1995.0
tt0114418,69788.0,36.0,101.0,1995.0
tt0108107,69788.0,28.0,98.0,1993.0
tt0105410,256296.0,27.0,90.0,1991.0
tt1059793,373918.0,10751.0,75.0,2007.0
tt1135929,373918.0,35.0,79.0,2008.0
tt0089199,33071.0,35.0,53.0,1985.0
tt0097991,384920.0,28.0,104.0,1988.0
tt2446042,135483.0,53.0,109.0,2014.0
tt4186386,279715.0,53.0,95.0,2015.0
tt1340138,528.0,878.0,126.0,2015.0
tt2339741,315560.0,53.0,90.0,2014.0
tt1295905,24717.0,28.0,113.0,2009.0
tt1337066,24717.0,28.0,93.0,2009.0
tt1224151,326795.0,35.0,97.0,2008.0
tt3578504,295777.0,99.0,84.0,2014.0
tt0285930,113589.0,28.0,14.0,2001.0
tt0283994,113589.0,28.0,6.0,2001.0
tt0283875,113589.0,28.0,6.0,2001.0
tt0340398,113589.0,28.0,11.0,2002.0
tt0338768,113589.0,35.0,9.0,2002.0
tt0338111,113589.0,28.0,11.0,2002.0
tt1978567,205029.0,16.0,80.0,2012.0
tt1164647,91657.0,35.0,84.0,2009.0
tt1224378,428046.0,53.0,127.0,2014.0
tt0044883,464784.0,18.0,225.0,1952.0
tt0324941,100693.0,16.0,70.0,2003.0
tt1276434,43220.0,35.0,100.0,2009.0
tt0085106,180019.0,18.0,197.0,1983.0
tt0299981,8050.0,28.0,86.0,2007.0
tt0758781,285879.0,27.0,90.0,2007.0
tt1718903,206559.0,18.0,85.0,2012.0
tt2375779,52985.0,27.0,91.0,2012.0
tt0086823,180019.0,878.0,272.0,1984.0
tt0313597,389867.0,27.0,99.0,2002.0
tt0486656,107469.0,18.0,90.0,2006.0
tt0995863,286006.0,27.0,89.0,2008.0
tt0064916,321065.0,28.0,111.0,1969.0
tt0254871,135489.0,53.0,89.0,2001.0
tt0339294,19285.0,27.0,90.0,2003.0
tt1090671,297371.0,27.0,88.0,2008.0
tt0117692,168545.0,27.0,98.0,1996.0
tt0161492,117952.0,27.0,100.0,1998.0
tt0062741,98462.0,12.0,92.0,1968.0
tt0056912,37261.0,35.0,91.0,1963.0
tt0072764,37261.0,35.0,90.0,1975.0
tt0055831,37261.0,35.0,89.0,1962.0
tt0034064,415799.0,28.0,68.0,1940.0
tt0254872,135489.0,27.0,92.0,2002.0
tt0161970,389867.0,27.0,95.0,1999.0
tt0093276,48194.0,12.0,82.0,1987.0
tt0073700,385650.0,35.0,98.0,1975.0
tt0472602,99727.0,14.0,72.0,2005.0
tt0120847,143766.0,28.0,89.0,1998.0
tt0104808,254636.0,28.0,85.0,1993.0
tt0119836,456580.0,53.0,101.0,1997.0
tt0047139,98180.0,12.0,68.0,1954.0
tt0038151,65249.0,28.0,76.0,1945.0
tt1079448,91657.0,10751.0,87.0,2008.0
tt0222355,389867.0,27.0,98.0,2001.0
tt0058751,9309.0,37.0,94.0,1964.0
tt4186390,279715.0,53.0,90.0,2015.0
tt0040347,413663.0,35.0,68.0,1948.0
tt0041882,413663.0,12.0,64.0,1949.0
tt0108556,276838.0,27.0,94.0,1993.0
tt1935929,222634.0,35.0,90.0,2012.0
tt0171768,168545.0,27.0,89.0,1998.0
tt0267657,19163.0,12.0,75.0,2000.0
tt0059915,9309.0,12.0,93.0,1965.0
tt0398378,348843.0,28.0,84.0,2005.0
tt0345543,19163.0,16.0,71.0,2002.0
tt0804550,299748.0,80.0,88.0,2007.0
tt1610518,155093.0,80.0,125.0,2010.0
tt0805619,143757.0,27.0,89.0,2007.0
tt0111386,175763.0,878.0,100.0,1994.0
tt0301526,19163.0,12.0,75.0,2001.0
tt0052378,394258.0,878.0,69.0,1958.0
tt0070700,384040.0,878.0,90.0,1973.0
tt0378230,19163.0,12.0,84.0,2003.0
tt3138376,166378.0,53.0,96.0,2014.0
tt0110015,199629.0,28.0,91.0,1994.0
tt0102067,174218.0,27.0,102.0,1991.0
tt0081712,172000.0,35.0,57.0,1980.0
tt0285685,368982.0,35.0,87.0,2001.0
tt0288415,97445.0,35.0,93.0,2002.0
tt0470982,91657.0,12.0,80.0,2006.0
tt1544572,469648.0,12.0,89.0,2010.0
tt1792131,91657.0,35.0,88.0,2011.0
tt1791658,91657.0,12.0,93.0,2012.0
tt2414212,469648.0,10751.0,88.0,2012.0
tt2999390,91657.0,10751.0,81.0,2013.0
tt0157171,87536.0,14.0,94.0,1999.0
tt0111387,175763.0,878.0,105.0,1994.0
tt0111388,175763.0,878.0,96.0,1994.0
tt0031710,354066.0,35.0,68.0,1939.0
tt0031708,354066.0,35.0,60.0,1939.0
tt0030491,354066.0,35.0,66.0,1938.0
tt1052024,326849.0,10751.0,93.0,2008.0
tt0058384,338327.0,35.0,94.0,1964.0
tt0113949,286948.0,28.0,80.0,1996.0
tt0113950,286948.0,28.0,85.0,1996.0
tt0057986,138965.0,27.0,78.0,1964.0
tt1537481,118828.0,16.0,76.0,2010.0
tt1417108,2248.0,28.0,93.0,2011.0
tt3321428,2248.0,28.0,105.0,2014.0
tt1797504,141649.0,18.0,75.0,2012.0
tt1392190,8945.0,28.0,120.0,2015.0
tt3195644,228446.0,18.0,97.0,2015.0
tt2488496,10.0,28.0,136.0,2015.0
tt2395427,86311.0,28.0,141.0,2015.0
tt1630029,87096.0,28.0,,
tt1790809,295.0,12.0,129.0,2017.0
tt0974015,468551.0,28.0,,
tt0478970,422834.0,878.0,117.0,2015.0
tt1431045,448150.0,28.0,108.0,2016.0
tt3501632,131296.0,28.0,,
tt3896198,284433.0,28.0,137.0,2017.0
tt3498820,131295.0,12.0,147.0,2016.0
tt3385516,748.0,878.0,144.0,2016.0
tt2312390,251383.0,14.0,125.0,2013.0
tt0101933,251117.0,37.0,180.0,1991.0
tt0066183,458813.0,28.0,92.0,1970.0
tt0098681,2643.0,28.0,103.0,1989.0
tt0067672,321065.0,37.0,100.0,1971.0
tt1235837,141084.0,16.0,75.0,2009.0
tt0107482,397848.0,28.0,90.0,1993.0
tt0110017,199629.0,28.0,90.0,1994.0
tt2404583,259085.0,28.0,108.0,2014.0
tt0424228,19163.0,14.0,82.0,2005.0
tt0250698,115142.0,27.0,99.0,2002.0
tt0110016,199629.0,28.0,90.0,1994.0
tt2221648,232844.0,10751.0,90.0,2013.0
tt0933064,19163.0,16.0,77.0,2006.0
tt0240944,143766.0,28.0,91.0,2001.0
tt0110018,199629.0,28.0,90.0,1994.0
tt0060476,12077.0,28.0,93.0,1966.0
tt2379386,122922.0,28.0,85.0,2013.0
tt0110019,199629.0,28.0,91.0,1994.0
tt1659253,155093.0,80.0,128.0,2010.0
tt0060783,435805.0,12.0,102.0,1966.0
tt0061020,435805.0,28.0,92.0,1967.0
tt0108159,461937.0,18.0,95.0,1993.0
tt0037826,413661.0,35.0,66.0,1945.0
tt1861343,379897.0,53.0,93.0,2012.0
tt0040394,413663.0,80.0,69.0,1948.0
tt0026187,281097.0,18.0,82.0,1935.0
tt0034389,435108.0,35.0,78.0,1941.0
tt0035552,435108.0,35.0,74.0,1942.0
tt0036533,435108.0,35.0,87.0,1943.0
tt1705115,45355.0,35.0,117.0,2010.0
tt0038080,413661.0,9648.0,64.0,1945.0
tt0244491,159600.0,35.0,96.0,2001.0
tt2243621,374930.0,16.0,76.0,2012.0
tt1042567,19262.0,10402.0,48.0,2007.0
tt1139111,19163.0,10751.0,76.0,2007.0
tt0174707,158376.0,36.0,89.0,1973.0
tt0031589,395433.0,9648.0,71.0,1939.0
tt0107962,122938.0,18.0,94.0,1993.0
tt0053334,360344.0,12.0,88.0,1959.0
tt0043606,421566.0,35.0,105.0,1951.0
tt0040438,280539.0,10751.0,97.0,1948.0
tt3878542,256287.0,878.0,72.0,2015.0
tt2364842,336557.0,27.0,88.0,2011.0
tt0480082,223926.0,16.0,87.0,2006.0
tt0080993,251117.0,37.0,94.0,1980.0
tt0070128,188133.0,35.0,86.0,1973.0
tt0114957,168186.0,18.0,93.0,1995.0
tt1086798,114993.0,16.0,80.0,2008.0
tt0038929,413661.0,9648.0,64.0,1946.0
tt0111385,175763.0,878.0,97.0,1994.0
tt0174708,158376.0,28.0,84.0,1974.0
tt1086797,114993.0,10751.0,78.0,2008.0
tt2396200,376527.0,28.0,100.0,2013.0
tt0076788,270156.0,28.0,89.0,1977.0
tt2058710,324458.0,28.0,95.0,2012.0
tt0100645,218104.0,28.0,91.0,1989.0
tt0043895,280539.0,28.0,68.0,1951.0
tt0039912,413661.0,80.0,62.0,1946.0
tt0073880,157504.0,28.0,109.0,1975.0
tt1245734,261526.0,28.0,90.0,2008.0
tt2740538,360112.0,28.0,82.0,2014.0
tt3157224,452146.0,80.0,94.0,2014.0
tt0390136,277798.0,35.0,88.0,2004.0
tt2925768,378453.0,18.0,85.0,2014.0
tt2322441,344830.0,18.0,125.0,2015.0
tt0279830,322330.0,16.0,25.0,1985.0
tt0173886,87252.0,12.0,81.0,1998.0
tt0274761,87252.0,12.0,81.0,2001.0
tt0414078,87252.0,12.0,82.0,2004.0
tt0101095,173738.0,12.0,200.0,1991.0
tt0887887,260586.0,35.0,111.0,2007.0
tt0028353,122778.0,35.0,57.0,1936.0
tt1663680,168949.0,18.0,85.0,2010.0
tt2243469,297501.0,16.0,80.0,2012.0
tt1724962,385528.0,28.0,110.0,2012.0
tt0107444,343733.0,10751.0,79.0,1993.0
tt0104761,343733.0,35.0,74.0,1992.0
tt0065486,369004.0,80.0,126.0,1970.0
tt0465997,100970.0,12.0,69.0,2006.0
tt2430044,479549.0,10749.0,88.0,2013.0
tt0050622,211753.0,12.0,78.0,1957.0
tt0058089,103001.0,35.0,99.0,1964.0
tt0059168,103001.0,35.0,105.0,1965.0
tt0060400,103001.0,35.0,104.0,1967.0
tt0038008,478628.0,9648.0,65.0,1945.0
tt0064338,98462.0,80.0,98.0,1969.0
tt0063764,98462.0,80.0,91.0,1967.0
tt1883180,356437.0,18.0,100.0,2014.0
tt0070505,211075.0,16.0,38.0,1973.0
tt1649443,74508.0,53.0,95.0,2014.0
tt0888817,279244.0,16.0,48.0,2007.0
tt0063568,393290.0,37.0,95.0,1968.0
tt0003037,188534.0,80.0,59.0,1913.0
tt0003165,188534.0,80.0,90.0,1913.0
tt0003930,188534.0,80.0,59.0,1914.0
tt0003952,188534.0,80.0,70.0,1914.0
tt0086264,181502.0,35.0,80.0,1983.0
tt0089501,181502.0,35.0,92.0,1985.0
tt0096060,181502.0,35.0,101.0,1988.0
tt0065019,393290.0,37.0,102.0,1969.0
tt0065499,393290.0,37.0,91.0,1970.0
tt0066167,393290.0,37.0,99.0,1970.0
tt1820451,260520.0,35.0,64.0,2010.0
tt0206588,168880.0,35.0,99.0,2000.0
tt0342108,168880.0,35.0,91.0,2003.0
tt1176410,168880.0,35.0,101.0,2008.0
tt3124476,168880.0,28.0,98.0,2014.0
tt1855134,168880.0,35.0,90.0,2011.0
tt0089271,314023.0,35.0,88.0,1985.0
tt0144786,279715.0,80.0,90.0,1998.0
tt0090245,148324.0,35.0,105.0,1985.0
tt2192888,333154.0,35.0,95.0,2012.0
tt0308558,445118.0,18.0,90.0,1975.0
tt0151495,445118.0,28.0,,
tt0257290,147207.0,35.0,105.0,2001.0
tt2132486,129748.0,12.0,26.0,2011.0
tt0090115,112537.0,35.0,91.0,1985.0
tt0096022,112537.0,35.0,104.0,1988.0
tt0087527,63170.0,35.0,101.0,1984.0
tt0091314,63170.0,80.0,88.0,1986.0
tt0097636,63170.0,35.0,101.0,1989.0
tt0104581,63170.0,35.0,104.0,1992.0
tt0113510,63170.0,35.0,99.0,1995.0
tt0269410,63170.0,35.0,92.0,2000.0
tt0116883,104769.0,35.0,90.0,1996.0
tt0090323,321061.0,28.0,125.0,1985.0
tt3829170,169452.0,28.0,97.0,2015.0
tt0092696,47629.0,27.0,90.0,1987.0
tt4168188,441179.0,28.0,134.0,2014.0
tt0074670,123249.0,28.0,94.0,1976.0
tt0119310,72119.0,12.0,74.0,1997.0
tt0104449,102782.0,53.0,94.0,1992.0
tt0067123,161766.0,12.0,87.0,1971.0
tt0348124,97461.0,16.0,60.0,2003.0
tt2637294,313576.0,35.0,93.0,2015.0
tt0076112,123249.0,18.0,90.0,1977.0
tt0045220,360342.0,28.0,81.0,1952.0
tt0369445,251383.0,28.0,48.0,2002.0
tt3106464,353792.0,9648.0,120.0,2013.0
tt2279373,275402.0,16.0,93.0,2015.0
tt1083858,45355.0,35.0,223.0,2008.0
tt1728217,139394.0,27.0,85.0,2011.0
tt2555736,306937.0,18.0,122.0,2015.0
tt0069427,123740.0,27.0,87.0,1971.0
tt0963207,479319.0,35.0,70.0,2008.0
tt1826660,352020.0,35.0,100.0,2012.0
tt2636124,196753.0,28.0,58.0,2013.0
tt4189260,386162.0,28.0,48.0,2015.0
tt1210117,223926.0,16.0,84.0,2008.0
tt4006794,458017.0,16.0,57.0,2014.0
tt2048804,122661.0,16.0,64.0,2011.0
tt3331846,148065.0,14.0,90.0,2014.0
tt1270114,306063.0,10752.0,96.0,2014.0
tt4007502,386382.0,12.0,8.0,2015.0
tt0807745,104842.0,35.0,108.0,2006.0
tt0059014,37261.0,35.0,93.0,1966.0
tt0054923,145494.0,35.0,101.0,1961.0
tt0202236,133887.0,18.0,95.0,2000.0
tt0301083,141252.0,35.0,80.0,2000.0
tt2418558,304025.0,878.0,122.0,2013.0
tt2908446,283579.0,12.0,119.0,2015.0
tt0120471,115840.0,35.0,100.0,1997.0
tt2358911,118415.0,16.0,98.0,2012.0
tt2210479,118415.0,28.0,76.0,2012.0
tt2358913,118415.0,16.0,110.0,2013.0
tt0147926,141282.0,16.0,73.0,1998.0
tt1534786,239011.0,28.0,101.0,2011.0
tt3720788,446782.0,18.0,100.0,2014.0
tt1531924,446782.0,10749.0,89.0,2014.0
tt2820852,9485.0,28.0,137.0,2015.0
tt1844025,301508.0,27.0,96.0,2012.0
tt1278060,23240.0,28.0,114.0,2008.0
tt0073091,427944.0,18.0,98.0,1975.0
tt0101702,126166.0,28.0,97.0,1991.0
tt0076125,427944.0,35.0,89.0,1977.0
tt0079118,167552.0,18.0,95.0,1978.0
tt0091862,396839.0,16.0,87.0,1986.0
tt0078333,412300.0,10749.0,95.0,1978.0
tt0282179,382113.0,27.0,96.0,2001.0
tt3496892,293981.0,10770.0,85.0,2014.0
tt0143338,470274.0,27.0,90.0,1989.0
tt0484855,479319.0,99.0,74.0,2005.0
tt0070245,191023.0,18.0,100.0,1973.0
tt0070244,191023.0,28.0,119.0,1973.0
tt0226018,191023.0,28.0,100.0,1974.0
tt0071696,191023.0,28.0,118.0,1974.0
tt1483803,44215.0,12.0,92.0,2009.0
tt0446009,68589.0,35.0,98.0,2007.0
tt1754455,333000.0,10751.0,80.0,2010.0
tt0429080,259411.0,35.0,91.0,2005.0
tt0465940,55419.0,16.0,74.0,2007.0
tt0384252,9088.0,10751.0,,
tt0385891,165679.0,35.0,88.0,2004.0
tt0137201,242587.0,10751.0,83.0,1998.0
tt0077204,94050.0,10751.0,82.0,1978.0
tt0284946,8819.0,16.0,84.0,2000.0
tt0293124,1617.0,35.0,80.0,2002.0
tt0427219,1617.0,35.0,97.0,2005.0
tt0113081,74083.0,35.0,90.0,1995.0
tt1114698,458017.0,16.0,46.0,2007.0
tt0258827,165679.0,35.0,90.0,2001.0
tt0184005,9500.0,16.0,77.0,1999.0
tt0295375,133297.0,35.0,83.0,2002.0
tt3816458,407273.0,27.0,118.0,2015.0
tt1595366,122776.0,35.0,93.0,2010.0
tt0239450,133297.0,35.0,95.0,2000.0
tt0304931,9500.0,16.0,80.0,2003.0
tt0465925,96472.0,12.0,73.0,2006.0
tt0248409,287684.0,35.0,99.0,2000.0
tt0117534,86346.0,10770.0,91.0,1996.0
tt0038172,100992.0,18.0,78.0,1945.0
tt3029556,247028.0,28.0,135.0,2014.0
tt3029558,247028.0,28.0,138.0,2014.0
tt1958043,478328.0,53.0,91.0,2014.0
tt0091173,351231.0,35.0,88.0,1986.0
tt0087385,351231.0,35.0,88.0,1984.0
tt1712187,259363.0,35.0,116.0,2011.0
tt4324274,334996.0,28.0,72.0,2015.0
tt0382295,215606.0,35.0,95.0,2004.0
tt1272051,265865.0,10751.0,85.0,2010.0
tt0192573,461937.0,18.0,95.0,1999.0
tt3450650,328372.0,28.0,94.0,2015.0
tt1679276,442338.0,10751.0,95.0,2014.0
tt1094198,86334.0,35.0,92.0,2008.0
tt0067671,327871.0,27.0,97.0,1971.0
tt2917336,294226.0,27.0,90.0,2013.0
tt0124770,98435.0,16.0,107.0,1993.0
tt3600950,265865.0,12.0,90.0,2014.0
tt3402110,473847.0,18.0,147.0,2014.0
tt0416908,272416.0,16.0,75.0,2004.0
tt3528666,166373.0,53.0,90.0,2015.0
tt0456144,44722.0,35.0,144.0,2006.0
tt4186548,279715.0,53.0,84.0,2015.0
tt1356395,147765.0,35.0,112.0,2009.0
tt1754177,122661.0,53.0,69.0,2010.0
tt3120408,315595.0,12.0,77.0,2014.0
tt2483260,315595.0,16.0,78.0,2014.0
tt0304564,34055.0,16.0,63.0,2000.0
tt4437640,356688.0,28.0,78.0,2015.0
tt3625152,334356.0,28.0,90.0,2015.0
tt0077497,39438.0,18.0,100.0,1977.0
tt0085486,39438.0,18.0,89.0,1984.0
tt0092962,39438.0,28.0,85.0,1987.0
tt0095094,39438.0,18.0,80.0,1988.0
tt0072930,227140.0,18.0,94.0,1975.0
tt0074478,227140.0,18.0,87.0,1976.0
tt0074473,227140.0,10749.0,100.0,1977.0
tt0075984,227140.0,12.0,85.0,1977.0
tt0075987,227140.0,18.0,102.0,1977.0
tt0084869,227140.0,28.0,99.0,1982.0
tt3612032,52985.0,27.0,91.0,2014.0
tt0093090,123289.0,27.0,95.0,1988.0
tt0450982,411859.0,16.0,70.0,2005.0
tt1610301,422361.0,16.0,75.0,2010.0
tt2197823,422361.0,16.0,74.0,2012.0
tt2946582,447622.0,14.0,75.0,2013.0
tt1007920,411859.0,16.0,75.0,2007.0
tt0775425,411859.0,16.0,75.0,2006.0
tt1201561,447622.0,16.0,75.0,2008.0
tt2679042,390096.0,28.0,96.0,2015.0
tt1094584,157626.0,35.0,135.0,2007.0
tt1216515,315595.0,16.0,76.0,2010.0
tt3845960,376970.0,99.0,152.0,2014.0
tt2848292,306031.0,35.0,115.0,2015.0
tt0175663,325798.0,878.0,92.0,1981.0
tt0096119,47391.0,35.0,79.0,1989.0
tt1935302,306926.0,53.0,119.0,2014.0
tt0242519,142022.0,35.0,123.0,2000.0
tt0078398,123249.0,27.0,88.0,1977.0
tt0104822,318037.0,28.0,89.0,1991.0
tt1883367,96671.0,27.0,103.0,2015.0
tt0060330,37261.0,35.0,90.0,1966.0
tt0060288,460334.0,28.0,101.0,1967.0
tt0065009,460334.0,28.0,88.0,1969.0
tt2872570,391047.0,99.0,90.0,2014.0
tt1217565,122776.0,35.0,100.0,2008.0
tt1198196,122776.0,35.0,122.0,2007.0
tt0419058,142022.0,35.0,155.0,2006.0
tt0490210,20970.0,28.0,125.0,2008.0
tt0432047,20970.0,80.0,123.0,2005.0
tt0823671,315595.0,16.0,78.0,2008.0
tt0099293,256953.0,35.0,90.0,1990.0
tt0103991,256953.0,35.0,91.0,1991.0
tt0159611,256953.0,35.0,102.0,1994.0
tt0100712,146042.0,35.0,85.0,1990.0
tt0064542,146042.0,18.0,84.0,1969.0
tt0075292,146042.0,35.0,80.0,1976.0
tt2493386,151149.0,35.0,85.0,2013.0
tt0406728,106498.0,28.0,105.0,2005.0
tt0061098,435805.0,12.0,92.0,1964.0
tt1694542,341455.0,18.0,119.0,2011.0
tt2599716,269098.0,28.0,108.0,2013.0
tt0307920,460357.0,18.0,112.0,2002.0
tt0062080,421566.0,35.0,104.0,1966.0
tt0049866,421566.0,35.0,106.0,1956.0
tt1951266,131635.0,28.0,137.0,2015.0
tt3369806,456778.0,12.0,111.0,2015.0
tt3410834,283579.0,12.0,121.0,2016.0
tt3183660,435259.0,12.0,133.0,2016.0
tt1502397,14890.0,53.0,,
tt3138192,326849.0,10751.0,91.0,2014.0
tt0206064,394316.0,10770.0,88.0,1999.0
tt0942378,394316.0,35.0,90.0,2007.0
tt0114188,180854.0,35.0,87.0,1995.0
tt0186726,321148.0,12.0,97.0,1999.0
tt0271271,321148.0,12.0,100.0,2001.0
tt0379060,321148.0,10770.0,95.0,2004.0
tt0045247,421566.0,35.0,104.0,1953.0
tt0053333,421566.0,35.0,85.0,1959.0
tt0055936,421566.0,35.0,104.0,1962.0
tt0070534,10964.0,28.0,110.0,1973.0
tt0073541,10964.0,28.0,108.0,1975.0
tt0076544,10964.0,28.0,115.0,1978.0
tt2709768,427084.0,16.0,87.0,2016.0
tt1024215,443996.0,878.0,160.0,2005.0
tt3405714,363092.0,28.0,93.0,2014.0
tt1628841,304378.0,28.0,120.0,2016.0
tt2660888,115575.0,28.0,122.0,2016.0
tt0199389,333398.0,53.0,91.0,2000.0
tt1301698,298778.0,27.0,138.0,2008.0
tt0080827,205672.0,28.0,102.0,1980.0
tt2427502,154002.0,80.0,127.0,2013.0
tt3733678,25542.0,10751.0,101.0,2015.0
tt0913262,468039.0,12.0,94.0,2007.0
tt0061450,37261.0,35.0,90.0,1967.0
tt0495034,21624.0,35.0,140.0,2006.0
tt2073070,256477.0,18.0,119.0,2011.0
tt1833673,44976.0,28.0,172.0,2013.0
tt1317478,425189.0,16.0,35.0,2008.0
tt0441048,44976.0,18.0,147.0,2006.0
tt1754264,96676.0,18.0,90.0,2011.0
tt2637276,266672.0,35.0,115.0,2015.0
tt0341555,213697.0,35.0,96.0,2002.0
tt2293640,86066.0,10751.0,91.0,2015.0
tt3531852,264317.0,35.0,152.0,2014.0
tt0297120,207447.0,10770.0,168.0,2002.0
tt0102210,47983.0,27.0,94.0,1992.0
tt0486761,97461.0,16.0,73.0,2006.0
tt0336325,115822.0,27.0,85.0,2003.0
tt0186655,10713.0,28.0,95.0,1999.0
tt0954541,466318.0,35.0,104.0,2008.0
tt1038072,124188.0,18.0,89.0,2008.0
tt0382943,47391.0,9648.0,86.0,2008.0
tt0844029,3167.0,35.0,93.0,2009.0
tt0186654,10713.0,28.0,92.0,1998.0
tt1204883,96937.0,27.0,94.0,2008.0
tt0115714,36694.0,28.0,91.0,1996.0
tt2379713,645.0,28.0,148.0,2015.0
tt0099935,47983.0,28.0,87.0,1991.0
tt0086148,446015.0,80.0,91.0,1983.0
tt0303929,115822.0,27.0,86.0,2005.0
tt1046245,438282.0,28.0,105.0,2011.0
tt1554092,174218.0,27.0,92.0,2011.0
tt0900357,96937.0,27.0,93.0,2007.0
tt1865573,436483.0,35.0,91.0,2012.0
tt3514862,190435.0,16.0,80.0,2009.0
tt3899796,286023.0,10770.0,88.0,2015.0
tt3086386,116669.0,28.0,105.0,2015.0
tt0246641,479319.0,35.0,63.0,1996.0
tt0246645,479319.0,35.0,65.0,1999.0
tt1260502,23026.0,28.0,85.0,2008.0
tt0810895,123203.0,10770.0,73.0,2006.0
tt0389074,148614.0,28.0,66.0,2004.0
tt0164711,179042.0,35.0,85.0,1999.0
tt1474311,93788.0,16.0,22.0,2009.0
tt1020990,141748.0,16.0,23.0,2007.0
tt0808508,458017.0,16.0,74.0,2006.0
tt4086116,397842.0,27.0,99.0,2015.0
tt0420076,34055.0,28.0,81.0,2003.0
tt0100448,48194.0,12.0,94.0,1990.0
tt2301900,107949.0,27.0,86.0,2012.0
tt1161646,138968.0,35.0,80.0,2008.0
tt1293561,138968.0,27.0,78.0,2011.0
tt3234078,467577.0,27.0,80.0,2013.0
tt2628316,152544.0,28.0,90.0,2013.0
tt1524930,108693.0,35.0,99.0,2015.0
tt3257582,34055.0,28.0,72.0,2013.0
tt1468843,34055.0,16.0,94.0,2009.0
tt1226251,34055.0,12.0,90.0,2007.0
tt0875609,34055.0,12.0,103.0,2005.0
tt3106120,296872.0,27.0,90.0,2014.0
tt2924442,292068.0,9648.0,96.0,2014.0
tt3727824,336557.0,27.0,86.0,2015.0
tt2238839,189157.0,35.0,112.0,2012.0
tt3525346,261286.0,35.0,85.0,2015.0
tt0455135,264335.0,53.0,86.0,2005.0
tt2975590,209131.0,28.0,151.0,2016.0
tt3462696,294172.0,28.0,90.0,2014.0
tt2290828,23616.0,14.0,109.0,2012.0
tt1602479,189157.0,35.0,104.0,2010.0
tt1366687,106784.0,35.0,88.0,2009.0
tt4692656,458017.0,35.0,73.0,2015.0
tt2027255,458017.0,16.0,59.0,2011.0
tt0303151,458017.0,16.0,62.0,2002.0
tt0487176,458017.0,10751.0,75.0,2005.0
tt1722638,458017.0,12.0,49.0,2010.0
tt3108584,458017.0,16.0,66.0,2013.0
tt2342207,297299.0,35.0,90.0,2012.0
tt0049103,221537.0,27.0,79.0,1956.0
tt2287663,59586.0,18.0,85.0,2012.0
tt0370987,449530.0,9648.0,88.0,2003.0
tt2268016,328247.0,35.0,115.0,2015.0
tt1286785,425189.0,28.0,,
tt3819668,425164.0,28.0,93.0,2015.0
tt1756415,150967.0,35.0,110.0,2012.0
tt1680089,343477.0,35.0,98.0,2011.0
tt1680099,343477.0,35.0,113.0,2010.0
tt1188988,362554.0,35.0,120.0,2009.0
tt1680110,188197.0,35.0,96.0,2011.0
tt1160317,294918.0,27.0,107.0,2007.0
tt4497416,97768.0,28.0,92.0,2015.0
tt0203940,382113.0,27.0,94.0,2000.0
tt4126340,353325.0,35.0,107.0,2015.0
tt2980736,425189.0,28.0,20.0,2011.0
tt0382868,473502.0,16.0,47.0,2003.0
tt2072029,294918.0,27.0,90.0,2011.0
tt0469111,3601.0,27.0,92.0,2006.0
tt0465316,96661.0,16.0,125.0,2007.0
tt2140465,341455.0,35.0,128.0,2015.0
tt3317562,8917.0,27.0,476.0,2015.0
tt1781947,256746.0,27.0,70.0,2011.0
tt0103927,37261.0,35.0,91.0,1992.0
tt0444759,220441.0,10769.0,96.0,2004.0
tt0451010,126580.0,27.0,105.0,2005.0
tt0978797,126580.0,27.0,109.0,2006.0
tt0088107,289763.0,28.0,100.0,1984.0
tt2631186,350309.0,28.0,159.0,2015.0
tt1000095,34055.0,16.0,107.0,2006.0
tt0103292,401270.0,28.0,70.0,1991.0
tt4060576,439596.0,27.0,83.0,2015.0
tt3292154,370374.0,28.0,83.0,2015.0
tt0100014,363066.0,14.0,88.0,1987.0
tt0278723,8647.0,28.0,99.0,2002.0
tt0352851,8647.0,53.0,102.0,2004.0
tt3017864,196753.0,28.0,50.0,2013.0
tt3579524,196753.0,28.0,59.0,2014.0
tt4016942,196753.0,28.0,59.0,2014.0
tt3043630,212123.0,18.0,116.0,2013.0
tt3086582,212123.0,18.0,116.0,2013.0
tt3861006,212123.0,10749.0,110.0,2014.0
tt0065489,251858.0,35.0,116.0,1970.0
tt0116279,41658.0,18.0,97.0,1996.0
tt0099545,41658.0,35.0,105.0,1990.0
tt0095134,41658.0,35.0,102.0,1988.0
tt0126618,376567.0,35.0,97.0,1985.0
tt0088710,150954.0,35.0,110.0,1985.0
tt0064563,464374.0,99.0,98.0,1969.0
tt4729754,356688.0,28.0,81.0,2015.0
tt3440298,466463.0,12.0,112.0,2015.0
tt3611432,224026.0,16.0,61.0,2013.0
tt0437503,106768.0,12.0,72.0,2005.0
tt1160525,34055.0,12.0,96.0,2008.0
tt0246643,479319.0,99.0,59.0,1992.0
tt0159510,143302.0,16.0,139.0,1981.0
tt0159511,143302.0,16.0,144.0,1982.0
tt1230545,192974.0,28.0,93.0,2008.0
tt3392330,258506.0,16.0,68.0,2013.0
tt0406310,109608.0,28.0,30.0,2004.0
tt0158466,94035.0,18.0,180.0,2000.0
tt0341595,319644.0,28.0,84.0,2002.0
tt0112519,319644.0,28.0,92.0,1995.0
tt0115696,319644.0,35.0,85.0,1997.0
tt0106689,322650.0,10770.0,100.0,1993.0
tt0091721,216395.0,10751.0,81.0,1986.0
tt1329665,279244.0,16.0,44.0,2009.0
tt0262711,107546.0,16.0,30.0,1978.0
tt0029542,105075.0,9648.0,62.0,1937.0
tt0817910,123203.0,10770.0,75.0,2007.0
tt0031709,354066.0,35.0,68.0,1939.0
tt2752772,357173.0,27.0,97.0,2015.0
tt0077587,211860.0,12.0,105.0,1978.0
tt2262270,253537.0,35.0,91.0,2013.0
tt2371411,132877.0,18.0,131.0,2012.0
tt2911342,464125.0,12.0,88.0,2014.0
tt1350484,55428.0,16.0,80.0,2009.0
tt1733125,106498.0,12.0,90.0,2012.0
tt2205948,212166.0,53.0,131.0,2012.0
tt0488870,463394.0,35.0,133.0,2005.0
tt2072230,370411.0,27.0,90.0,2015.0
tt0109277,263101.0,16.0,60.0,1994.0
tt0106417,263101.0,16.0,61.0,1993.0
tt0112513,263101.0,16.0,60.0,1995.0
tt0312403,93446.0,9648.0,208.0,2002.0
tt0374298,93446.0,9648.0,130.0,2005.0
tt0145891,94050.0,16.0,71.0,1971.0
tt2315236,393328.0,10749.0,128.0,2013.0
tt0480002,69788.0,28.0,138.0,2006.0
tt2612156,427397.0,35.0,110.0,2006.0
tt0940656,85817.0,16.0,101.0,2010.0
tt0097423,108669.0,28.0,96.0,1989.0
tt0169989,285249.0,10770.0,88.0,1999.0
tt1707687,124881.0,80.0,93.0,2011.0
tt1468324,389978.0,18.0,74.0,2009.0
tt1483385,389978.0,27.0,44.0,2008.0
tt0257778,97456.0,12.0,68.0,2002.0
tt2708764,426761.0,28.0,90.0,2013.0
tt0070413,114488.0,878.0,85.0,1973.0
tt3478232,363092.0,28.0,108.0,2015.0
tt0772185,134635.0,10770.0,89.0,2006.0
tt0042780,421566.0,35.0,84.0,1951.0
tt0185708,190435.0,28.0,100.0,1999.0
tt3102440,448758.0,28.0,93.0,2014.0
tt2945796,390774.0,80.0,110.0,2015.0
tt2054778,267308.0,878.0,60.0,2005.0
tt2549540,34055.0,16.0,71.0,2012.0
tt1690470,34055.0,12.0,96.0,2010.0
tt4255110,358930.0,18.0,78.0,2015.0
tt3918368,34055.0,16.0,76.0,2014.0
tt4503906,34055.0,12.0,73.0,2015.0
tt1431115,374663.0,35.0,90.0,2009.0
tt1361330,134635.0,35.0,90.0,2009.0
tt2938956,9518.0,53.0,96.0,2015.0
tt1794850,115840.0,35.0,120.0,2012.0
tt0214289,115840.0,35.0,105.0,2001.0
tt0775362,32153.0,10770.0,84.0,2006.0
tt3038664,295274.0,18.0,129.0,2014.0
tt0816520,87252.0,12.0,88.0,2006.0
tt1334278,134633.0,10751.0,86.0,2008.0
tt1017465,263106.0,18.0,83.0,2007.0
tt4080672,437608.0,35.0,85.0,2015.0
tt3957956,221622.0,28.0,90.0,2015.0
tt0103802,123289.0,27.0,95.0,1990.0
tt4141368,479692.0,27.0,90.0,2015.0
tt0059104,413946.0,878.0,90.0,1967.0
tt4294052,370411.0,27.0,87.0,2015.0
tt2457282,212166.0,9648.0,116.0,2013.0
tt2194724,212166.0,53.0,109.0,2012.0
tt0111082,88574.0,878.0,95.0,1994.0
tt3702996,344555.0,35.0,115.0,2015.0
tt0163986,141282.0,16.0,74.0,1997.0
tt0033517,47630.0,80.0,63.0,1942.0
tt1699164,97156.0,28.0,83.0,2011.0
tt0108577,168186.0,9648.0,98.0,1993.0
tt2704454,330075.0,28.0,26.0,2013.0
tt0050974,456.0,10749.0,109.0,1957.0
tt0048624,456.0,35.0,102.0,1955.0
tt0107979,349889.0,28.0,67.0,1993.0
tt0117497,349889.0,28.0,89.0,1996.0
tt3642618,76291.0,35.0,123.0,2015.0
tt2510894,185103.0,16.0,89.0,2015.0
tt2818348,25542.0,10751.0,99.0,2013.0
tt0117927,327598.0,18.0,,
tt4180514,91799.0,878.0,99.0,2015.0
tt0451279,468552.0,28.0,141.0,2017.0
tt3038708,312977.0,28.0,,
tt4765284,306031.0,35.0,,
tt0087913,320064.0,18.0,120.0,1984.0
tt1861334,141448.0,28.0,106.0,2011.0
tt1794886,118657.0,18.0,90.0,2012.0
tt0057919,37261.0,35.0,87.0,1963.0
tt2194599,215452.0,35.0,120.0,2013.0
tt2088832,386491.0,10751.0,93.0,2012.0
tt2306783,437584.0,10749.0,115.0,2012.0
tt0050817,188202.0,10749.0,106.0,1955.0
tt4938416,386162.0,28.0,67.0,2015.0
tt0059437,393564.0,35.0,86.0,1965.0
tt2222430,47391.0,27.0,70.0,1992.0
tt0138393,157671.0,99.0,86.0,1998.0
tt0299988,476054.0,28.0,93.0,2003.0
tt3197766,436982.0,18.0,120.0,2015.0
tt0875025,473847.0,80.0,139.0,2006.0
tt1292575,437439.0,27.0,120.0,2008.0
tt0433328,281882.0,28.0,148.0,2005.0
tt0398373,192541.0,12.0,106.0,2004.0
tt1087906,385719.0,28.0,95.0,2008.0
tt1883397,385719.0,28.0,86.0,2011.0
tt0102351,305360.0,35.0,92.0,1991.0
tt2825120,192174.0,28.0,129.0,2014.0
tt0117254,107462.0,35.0,93.0,1996.0
tt1349853,324703.0,18.0,100.0,2009.0
tt2186715,404302.0,53.0,102.0,2012.0
tt1852904,324703.0,28.0,121.0,2011.0
tt3121442,324703.0,80.0,131.0,2014.0
tt2053339,185627.0,28.0,116.0,2012.0
tt0295578,206072.0,53.0,95.0,2001.0
tt1872102,201260.0,18.0,93.0,2013.0
tt2356464,334414.0,12.0,105.0,2013.0
tt0032261,177062.0,35.0,72.0,1940.0
tt3105008,385709.0,27.0,90.0,2013.0
tt2473510,41437.0,27.0,88.0,2015.0
tt0073461,108170.0,27.0,89.0,1975.0
tt3477554,374930.0,14.0,78.0,2014.0
tt0118933,2704.0,18.0,190.0,1997.0
tt0039383,53043.0,18.0,14.0,1947.0
tt0328007,88735.0,28.0,95.0,2002.0
tt0871867,43063.0,80.0,92.0,2007.0
tt0423849,117693.0,10751.0,76.0,2004.0
tt0065999,201545.0,28.0,90.0,1970.0
tt2239096,24717.0,28.0,92.0,2012.0
tt3140100,319850.0,80.0,119.0,2014.0
tt2900624,442195.0,27.0,82.0,2013.0
tt0290654,456734.0,18.0,108.0,2001.0
tt0974583,97768.0,27.0,88.0,2007.0
tt1499249,97768.0,27.0,93.0,2010.0
tt2117905,97768.0,27.0,86.0,2012.0
tt3540136,471435.0,12.0,90.0,2015.0
tt0085250,227140.0,28.0,89.0,1983.0
tt1832381,334486.0,28.0,115.0,2011.0
tt0172184,36694.0,28.0,100.0,1999.0
tt0325005,416491.0,28.0,113.0,2002.0
tt0125111,120447.0,12.0,290.0,1987.0
tt0060747,120417.0,28.0,78.0,1966.0
tt0111156,69788.0,28.0,100.0,1994.0
tt0111157,69788.0,36.0,90.0,1994.0
tt0111158,69788.0,36.0,101.0,1994.0
tt3076658,1575.0,18.0,133.0,2015.0
tt0060450,10517.0,35.0,95.0,1965.0
tt0065769,10517.0,35.0,90.0,1970.0
tt0058135,10517.0,35.0,89.0,1964.0
tt0079200,10517.0,35.0,96.0,1979.0
tt0047327,188202.0,35.0,97.0,1954.0
tt0044562,421566.0,18.0,93.0,1954.0
tt0054242,421566.0,35.0,106.0,1960.0
tt0081541,215293.0,35.0,92.0,1980.0
tt0291855,415699.0,28.0,160.0,1993.0
tt0117620,69788.0,28.0,100.0,1996.0
tt0072080,105764.0,35.0,81.0,1974.0
tt0103218,120447.0,12.0,140.0,1991.0
tt0135427,120447.0,12.0,107.0,1992.0
tt0063369,120417.0,28.0,82.0,1968.0
tt0067313,120417.0,28.0,134.0,1971.0
tt0217590,195071.0,16.0,90.0,1973.0
tt3451498,122776.0,35.0,99.0,2014.0
tt0129686,115164.0,28.0,100.0,1998.0
tt1863347,122776.0,10749.0,95.0,2011.0
tt1150934,105995.0,28.0,89.0,2009.0
tt1222698,264914.0,18.0,92.0,2010.0
tt1753658,128123.0,28.0,94.0,2011.0
tt0042697,46082.0,35.0,79.0,1950.0
tt0064265,201548.0,28.0,106.0,1969.0
tt0075802,380170.0,28.0,88.0,1978.0
tt0071512,380170.0,28.0,111.0,1975.0
tt0163511,155408.0,28.0,114.0,1998.0
tt0120110,69788.0,28.0,101.0,1997.0
tt1193516,131989.0,35.0,90.0,2008.0
tt1373215,131989.0,35.0,,
tt3477064,131989.0,35.0,117.0,2014.0
tt0052275,360344.0,28.0,86.0,1958.0
tt0166653,112537.0,35.0,105.0,1999.0
tt3529198,343297.0,10751.0,75.0,2014.0
tt4450396,343297.0,16.0,72.0,2015.0
tt2664880,371950.0,27.0,90.0,2015.0
tt0089104,324371.0,878.0,89.0,1983.0
tt0101835,295852.0,28.0,99.0,1992.0
tt3121562,253537.0,35.0,89.0,2014.0
tt3152098,264481.0,28.0,90.0,2014.0
tt1833845,129453.0,35.0,90.0,2011.0
tt0272183,416942.0,16.0,90.0,1999.0
tt4400058,331841.0,35.0,93.0,2015.0
tt1155650,23240.0,80.0,50.0,2007.0
tt1155651,23240.0,80.0,61.0,2007.0
tt1155652,23240.0,80.0,58.0,2008.0
tt1343089,23240.0,16.0,59.0,2008.0
tt1345776,23240.0,16.0,121.0,2009.0
tt1051981,102008.0,35.0,90.0,2008.0
tt0082904,312882.0,35.0,,
tt0102932,9046.0,28.0,104.0,1991.0
tt3595848,400412.0,10770.0,,
tt1369845,413935.0,12.0,94.0,2009.0
tt0073640,242587.0,16.0,60.0,1976.0
tt4337072,196753.0,878.0,100.0,2015.0
tt1608290,352789.0,35.0,100.0,2016.0
tt1528763,24717.0,28.0,94.0,2009.0
tt1528764,24717.0,28.0,90.0,2009.0
tt1147764,315944.0,53.0,,
tt4938602,94032.0,10770.0,44.0,2015.0
tt0103045,192175.0,28.0,100.0,1991.0
tt0039216,415931.0,35.0,66.0,1947.0
tt3345472,385386.0,878.0,109.0,2014.0
tt3345474,385386.0,878.0,117.0,2015.0
tt0400913,148324.0,35.0,104.0,2004.0
tt0083268,148324.0,35.0,91.0,1981.0
tt0076170,148324.0,35.0,84.0,1977.0
tt0074818,148324.0,35.0,84.0,1976.0
tt0073581,148324.0,35.0,86.0,1975.0
tt0049867,421566.0,35.0,,
tt0093312,185667.0,10402.0,50.0,1986.0
tt1528854,473971.0,35.0,96.0,2015.0
tt4621642,364344.0,10770.0,83.0,2015.0
tt4933782,364344.0,10770.0,84.0,2015.0
tt4698718,451539.0,18.0,89.0,2015.0
tt2267968,77816.0,28.0,95.0,2016.0
tt0095512,154752.0,16.0,59.0,1988.0
tt0101309,124934.0,27.0,92.0,1991.0
tt0039320,224011.0,28.0,65.0,1947.0
tt0079828,242587.0,16.0,97.0,1979.0
tt3284178,397598.0,18.0,125.0,2015.0
tt4618398,23616.0,28.0,100.0,2015.0
tt3717532,23616.0,28.0,114.0,2014.0
tt1320113,98448.0,35.0,94.0,2008.0
tt0907868,98448.0,35.0,93.0,2006.0
tt1128079,98448.0,35.0,90.0,2007.0
tt2671776,385863.0,35.0,115.0,2013.0
tt0040097,415931.0,18.0,,
tt0812265,245321.0,10751.0,70.0,2006.0
tt0059206,183680.0,28.0,99.0,1965.0
tt0234748,425280.0,27.0,85.0,1988.0
tt1013542,425880.0,35.0,90.0,2008.0
tt3853452,382402.0,28.0,110.0,2015.0
tt0071241,369004.0,28.0,110.0,1974.0
tt0119571,12087.0,14.0,88.0,1997.0
tt2121377,297142.0,53.0,79.0,2012.0
tt1690368,216435.0,35.0,82.0,2011.0
tt1699135,311102.0,35.0,105.0,2011.0
tt2005363,294172.0,28.0,100.0,2011.0
tt0489134,140760.0,28.0,25.0,2005.0
tt0476680,23616.0,35.0,82.0,2004.0
tt0040805,415931.0,35.0,66.0,1948.0
tt0039011,65249.0,28.0,72.0,1946.0
tt0245567,203029.0,27.0,95.0,1989.0
tt0100943,203029.0,27.0,88.0,1990.0
tt0097174,48655.0,28.0,86.0,1988.0
tt0099388,48655.0,28.0,75.0,1991.0
tt0109666,351230.0,35.0,91.0,1995.0
tt0076684,93287.0,35.0,75.0,1977.0
tt2869728,376650.0,28.0,102.0,2016.0
tt4870838,334996.0,28.0,72.0,2016.0
tt2321163,337957.0,18.0,160.0,2013.0
tt4103992,293981.0,10770.0,,
tt0081423,374384.0,27.0,96.0,1980.0
tt3355698,444485.0,10770.0,130.0,2009.0
tt0189160,219363.0,16.0,17.0,1978.0
tt0856797,443996.0,16.0,105.0,2007.0
tt1364289,107467.0,35.0,82.0,2009.0
tt4616014,285564.0,28.0,95.0,2016.0
tt2652118,290973.0,28.0,103.0,2016.0
tt3300542,386534.0,28.0,99.0,2016.0
tt4505830,59235.0,18.0,87.0,2015.0
tt0066894,37261.0,12.0,89.0,1971.0
tt0065525,37261.0,35.0,89.0,1970.0
tt0068339,37261.0,35.0,87.0,1972.0
tt0066895,37261.0,35.0,90.0,1971.0
tt0069847,37261.0,35.0,88.0,1972.0
tt0499596,476065.0,99.0,156.0,2006.0
tt3697946,461755.0,35.0,87.0,2015.0
tt0065524,37261.0,10749.0,88.0,1970.0
tt0307873,20725.0,10769.0,152.0,2002.0
tt0064132,37261.0,35.0,85.0,1969.0
tt2888046,70068.0,28.0,105.0,2015.0
tt2276778,377491.0,35.0,88.0,2013.0
tt5377604,402380.0,28.0,133.0,2016.0
tt1857797,309259.0,28.0,94.0,2012.0
tt0079087,312744.0,10751.0,98.0,1979.0
tt0388098,153629.0,18.0,115.0,2004.0
tt0299878,362722.0,16.0,100.0,2002.0
tt0496296,362722.0,16.0,97.0,2006.0
tt0070463,187089.0,35.0,91.0,1972.0
tt0488798,401655.0,18.0,160.0,2007.0
tt0991346,264317.0,10751.0,151.0,2008.0
tt1092005,21624.0,35.0,135.0,2008.0
tt3142764,467457.0,35.0,162.0,2014.0
tt1620719,256433.0,28.0,130.0,2010.0
tt1562859,21624.0,35.0,155.0,2010.0
tt1664809,228335.0,28.0,123.0,2010.0
tt2222550,298778.0,53.0,120.0,2012.0
tt4938374,66761.0,16.0,85.0,2015.0
tt0059369,53043.0,10402.0,3.0,1965.0
tt0293849,9088.0,16.0,78.0,2001.0
tt2309764,286951.0,18.0,142.0,2014.0
tt3626742,388180.0,35.0,106.0,2015.0
tt0206341,100415.0,35.0,29.0,1999.0
tt0234889,100415.0,35.0,26.0,2000.0
tt0293854,427113.0,16.0,75.0,2001.0
tt0041360,415931.0,35.0,69.0,1949.0
tt0041472,415931.0,35.0,64.0,1949.0
tt4865436,401261.0,53.0,126.0,2015.0
tt1307859,257071.0,35.0,123.0,2011.0
tt1245775,133676.0,12.0,75.0,2009.0
tt4859032,336557.0,27.0,86.0,2015.0
tt0069848,37261.0,35.0,88.0,1973.0
tt5475710,224026.0,10751.0,69.0,2016.0
tt2216212,397842.0,27.0,88.0,2013.0
tt0041124,415931.0,35.0,63.0,1949.0
tt0041644,415931.0,35.0,64.0,1949.0
tt0032262,177062.0,35.0,72.0,1940.0
tt2279922,263866.0,35.0,85.0,2013.0
tt3039472,263866.0,35.0,72.0,2017.0
tt0064493,53043.0,27.0,12.0,1969.0
tt1992138,429409.0,18.0,137.0,2011.0
tt0837156,179244.0,12.0,90.0,2016.0
tt1719541,279836.0,35.0,90.0,2010.0
tt3760922,389767.0,10749.0,94.0,2016.0
tt0037794,478628.0,27.0,69.0,1945.0
tt0032725,395433.0,9648.0,71.0,1940.0
tt5487052,122776.0,35.0,105.0,2016.0
tt5091548,466894.0,28.0,78.0,2016.0
tt0042262,415931.0,80.0,66.0,1950.0
tt4530884,219691.0,27.0,91.0,2015.0
tt0042693,415931.0,35.0,70.0,1950.0
tt0032726,395433.0,35.0,67.0,1940.0
tt0042266,415931.0,35.0,67.0,1950.0
tt0043071,415931.0,35.0,67.0,1950.0
tt0043356,415931.0,35.0,69.0,1951.0
tt0043432,415931.0,35.0,65.0,1951.0
tt0043735,415931.0,35.0,68.0,1951.0
tt0044612,415931.0,35.0,63.0,1952.0
tt0044700,415931.0,35.0,66.0,1952.0
tt0044714,415931.0,28.0,67.0,1952.0
tt0045633,415931.0,35.0,62.0,1953.0
tt0045926,415931.0,35.0,62.0,1953.0
tt0046011,415931.0,35.0,62.0,1953.0
tt0046210,415931.0,35.0,64.0,1953.0
tt0047331,415931.0,35.0,62.0,1954.0
tt0044388,415931.0,35.0,64.0,1955.0
tt0049143,415931.0,35.0,61.0,1955.0
tt0048166,415931.0,35.0,61.0,1955.0
tt0048222,415931.0,35.0,61.0,1955.0
tt0048653,415931.0,35.0,61.0,1955.0
tt0049101,415931.0,28.0,62.0,1956.0
tt2309987,401261.0,53.0,141.0,2012.0
tt3619772,401261.0,53.0,130.0,2014.0
tt0076001,469613.0,35.0,95.0,1978.0
tt2381991,393379.0,28.0,114.0,2016.0
tt4438848,400700.0,35.0,91.0,2016.0
tt0037049,33381.0,53.0,60.0,1944.0
tt0038230,33381.0,18.0,60.0,1945.0
tt0038766,33381.0,9648.0,61.0,1946.0
tt0073206,385250.0,27.0,93.0,1975.0
tt0090246,140126.0,35.0,97.0,1984.0
tt1233474,23240.0,16.0,46.0,2008.0
tt2983564,23240.0,16.0,88.0,2013.0
tt0033403,177062.0,35.0,72.0,1941.0
tt0109000,265709.0,35.0,92.0,1994.0
tt1566528,97462.0,28.0,115.0,2011.0
tt3868344,23240.0,9648.0,33.0,2011.0
tt4254046,393328.0,10749.0,120.0,2015.0
tt0406672,117354.0,16.0,100.0,1997.0
tt1523486,474013.0,28.0,98.0,2009.0
tt3628584,176097.0,35.0,112.0,2016.0
tt2277860,137697.0,12.0,97.0,2016.0
tt2414370,463398.0,35.0,142.0,2012.0
tt1110626,110179.0,35.0,90.0,2008.0
tt1600058,110179.0,18.0,90.0,2010.0
tt0096453,123289.0,27.0,95.0,1988.0
tt0061067,360346.0,28.0,90.0,1966.0
tt0920457,122489.0,28.0,130.0,2007.0
tt0056018,188577.0,35.0,91.0,1963.0
tt0152979,199141.0,14.0,60.0,1997.0
tt0043911,402457.0,37.0,55.0,1951.0
tt0303678,182371.0,53.0,90.0,2002.0
tt0462717,145553.0,12.0,30.0,2001.0
tt0109872,207415.0,28.0,95.0,1994.0
tt0161979,145553.0,12.0,60.0,1996.0
tt0161978,145553.0,12.0,61.0,1997.0
tt1796619,145553.0,16.0,64.0,1998.0
tt0161981,145553.0,14.0,63.0,1995.0
tt0205451,199141.0,16.0,95.0,1999.0
tt0117876,199141.0,16.0,95.0,1996.0
tt0809927,201689.0,14.0,90.0,2005.0
tt0217635,166018.0,10769.0,45.0,1996.0
tt0215948,166018.0,878.0,45.0,1986.0
tt0067367,123740.0,27.0,91.0,1971.0
tt1530535,139450.0,16.0,44.0,1995.0
tt3474602,473840.0,18.0,120.0,2015.0
tt0057918,37261.0,35.0,94.0,1964.0
tt4763168,397444.0,28.0,100.0,2016.0
tt1891755,122489.0,28.0,140.0,2012.0
tt1655607,343944.0,28.0,154.0,2010.0
tt0882791,284346.0,18.0,130.0,2006.0
tt2974918,167613.0,12.0,92.0,2015.0
tt2620590,111751.0,27.0,90.0,2017.0
tt4027270,295274.0,28.0,131.0,2015.0
tt0104860,214702.0,35.0,98.0,1992.0
tt0109515,277630.0,28.0,91.0,1994.0
tt0372504,147669.0,10751.0,90.0,2003.0
tt2567026,261307.0,10751.0,113.0,2016.0
tt4460176,480160.0,10749.0,81.0,2015.0
tt5439464,451539.0,10770.0,85.0,2016.0
tt5211694,401119.0,9648.0,,
tt2708794,129293.0,99.0,60.0,2011.0
tt2039399,145784.0,12.0,85.0,2012.0
tt0295232,345865.0,14.0,90.0,2000.0
tt3110958,382685.0,28.0,129.0,2016.0
tt4431254,19163.0,12.0,82.0,2016.0
tt4397382,324909.0,35.0,70.0,2015.0
tt0075002,11118.0,10751.0,100.0,1976.0
tt0067524,11118.0,10751.0,96.0,1971.0
tt0086972,48194.0,28.0,92.0,1982.0
tt0425509,238419.0,35.0,311.0,2004.0
tt0949330,238419.0,35.0,112.0,2006.0
tt1667418,294918.0,27.0,85.0,2010.0
tt3949660,401562.0,14.0,112.0,2016.0
tt1105729,87251.0,10751.0,89.0,2008.0
tt0101857,257378.0,28.0,86.0,1991.0
tt0113633,89188.0,28.0,101.0,1995.0
tt0211281,446792.0,16.0,20.0,1969.0
tt3065204,313086.0,27.0,134.0,2016.0
tt0110851,96660.0,12.0,98.0,1994.0
tt4790268,96676.0,18.0,101.0,2016.0
tt1289401,2980.0,28.0,116.0,2016.0
tt0468771,112369.0,28.0,98.0,2005.0
tt4151192,375228.0,28.0,90.0,2015.0
tt3608646,363092.0,14.0,93.0,2015.0
tt2073137,101646.0,80.0,97.0,2012.0
tt1836210,101646.0,80.0,95.0,2011.0
tt1901033,101646.0,80.0,,
tt0080856,206786.0,35.0,118.0,1980.0
tt5481404,407273.0,28.0,96.0,2016.0
tt4196776,31562.0,28.0,123.0,2016.0
tt2362778,256477.0,53.0,142.0,2013.0
tt1570964,55428.0,16.0,,
tt0202007,442237.0,28.0,88.0,1972.0
tt4094724,256322.0,28.0,105.0,2016.0
tt3416828,8354.0,12.0,100.0,2016.0
tt5456798,363092.0,28.0,,
tt4505170,334486.0,28.0,125.0,2015.0
tt4926538,389544.0,35.0,94.0,2016.0
tt0064175,266731.0,35.0,97.0,1969.0
tt0174792,2704.0,14.0,90.0,1998.0
tt0143889,2704.0,14.0,180.0,1997.0
tt0042872,53043.0,18.0,16.0,1971.0
tt2332518,342577.0,35.0,104.0,2012.0
tt0065750,374436.0,27.0,90.0,1972.0
tt0076470,351667.0,35.0,110.0,1977.0
tt0066237,361007.0,18.0,110.0,1970.0
tt0102115,459434.0,10770.0,187.0,1992.0
tt0100597,459434.0,80.0,180.0,1991.0
tt0159914,108502.0,14.0,159.0,1997.0
tt0159931,108502.0,14.0,140.0,1997.0
tt0104082,108043.0,53.0,96.0,1992.0
tt5595168,140760.0,28.0,115.0,2016.0
tt4083850,455123.0,12.0,97.0,2015.0
tt0096159,248126.0,10749.0,87.0,1988.0
tt4831420,286023.0,35.0,85.0,2016.0
tt0965649,39199.0,80.0,99.0,1998.0
tt1067920,39199.0,16.0,100.0,1999.0
tt2279786,24717.0,28.0,106.0,2013.0
tt2279838,24717.0,28.0,97.0,2012.0
tt2238660,24717.0,28.0,93.0,2012.0
tt2239108,24717.0,28.0,97.0,2012.0
tt2239100,24717.0,28.0,99.0,2012.0
tt1521870,24717.0,28.0,92.0,2009.0
tt1493813,24717.0,80.0,95.0,2009.0
tt1895318,245326.0,80.0,90.0,2013.0
tt2216856,245326.0,80.0,105.0,2013.0
tt2183070,245326.0,80.0,90.0,2013.0
tt2190252,245326.0,80.0,90.0,2013.0
tt2259268,245326.0,80.0,90.0,2012.0
tt2188743,245326.0,80.0,90.0,2013.0
tt5647758,207632.0,27.0,85.0,2016.0
tt4585660,441682.0,35.0,99.0,2015.0
tt3522806,280504.0,28.0,99.0,2016.0
tt5090828,14246.0,28.0,100.0,2016.0
tt0486420,97919.0,10770.0,88.0,2005.0
tt0929864,97919.0,18.0,84.0,2007.0
tt0960143,97919.0,10770.0,87.0,2007.0
tt1269560,97919.0,18.0,88.0,2009.0
tt1307064,97919.0,18.0,88.0,2009.0
tt1684907,97919.0,18.0,,
tt1672621,97919.0,18.0,89.0,2011.0
tt4088268,319850.0,80.0,112.0,2016.0
tt0301082,141252.0,14.0,81.0,1999.0
tt1473832,8936.0,35.0,123.0,2016.0
tt3451230,206559.0,18.0,96.0,2016.0
tt4824308,409343.0,18.0,121.0,2016.0
tt4559046,142015.0,35.0,140.0,2016.0
tt5503266,478244.0,18.0,127.0,2016.0
tt0066268,106368.0,35.0,,
tt1375789,259256.0,53.0,150.0,2013.0
tt0113359,315944.0,18.0,106.0,1995.0
tt0107846,376128.0,9648.0,91.0,1993.0
tt3138698,374202.0,28.0,64.0,2016.0
tt1663145,102940.0,28.0,51.0,2010.0
tt1726641,102940.0,28.0,50.0,2010.0
tt1679583,102940.0,28.0,50.0,2010.0
tt1753855,102940.0,28.0,50.0,2010.0
tt1809274,102940.0,28.0,50.0,2011.0
tt1865375,102940.0,878.0,50.0,2011.0
tt5241578,412680.0,28.0,104.0,2016.0
tt4677938,144689.0,18.0,97.0,2016.0
tt0211729,198987.0,16.0,11.0,1969.0
tt0072190,245198.0,9648.0,120.0,1974.0
tt1394259,190435.0,28.0,65.0,2009.0
tt0211730,198987.0,16.0,10.0,1971.0
tt0049125,181496.0,35.0,81.0,1956.0
tt0034716,47630.0,80.0,65.0,1942.0
tt0030883,393326.0,80.0,59.0,1938.0
tt0845448,142021.0,35.0,135.0,2007.0
tt0100496,238448.0,28.0,107.0,1990.0
tt0351795,238448.0,35.0,105.0,2003.0
tt0208558,198987.0,10751.0,21.0,1972.0
tt1573072,142015.0,35.0,135.0,2010.0
tt5896146,356688.0,16.0,72.0,2016.0
tt1674047,225961.0,28.0,82.0,2013.0
tt0254942,415695.0,35.0,150.0,1990.0
tt0068838,201932.0,37.0,98.0,1972.0
tt5312612,397842.0,27.0,84.0,2016.0
tt0410454,243738.0,18.0,110.0,2004.0
tt0457530,243738.0,18.0,100.0,2005.0
tt0460611,243738.0,18.0,89.0,2006.0
tt5836262,477208.0,16.0,72.0,2016.0
tt0409937,160952.0,35.0,102.0,2005.0
tt5127214,326849.0,10751.0,89.0,2016.0
tt3448226,283417.0,28.0,93.0,2014.0
tt4146622,283417.0,53.0,,
tt0078320,93568.0,18.0,111.0,1979.0
tt0175159,331475.0,18.0,96.0,1999.0
tt1540011,64750.0,53.0,90.0,2016.0
tt3082898,105322.0,28.0,90.0,2016.0
tt1181920,17149.0,878.0,,
tt1181919,17149.0,12.0,156.0,2009.0
tt0390067,163798.0,99.0,98.0,2003.0
tt1586261,294918.0,27.0,88.0,2009.0
tt0283693,256374.0,53.0,88.0,1974.0
tt0467421,263106.0,35.0,86.0,2005.0
tt5001436,479692.0,27.0,90.0,2016.0
tt1630626,115839.0,12.0,113.0,2011.0
tt5012394,424842.0,18.0,120.0,2016.0
tt0071957,114488.0,878.0,80.0,1975.0
tt5026308,418326.0,18.0,84.0,2015.0
tt5084214,418326.0,18.0,84.0,2015.0
tt4662412,418326.0,10770.0,84.0,2015.0
tt5673202,364344.0,10770.0,84.0,2016.0
tt0800318,425880.0,35.0,96.0,2006.0
tt3764966,408196.0,10751.0,104.0,2015.0
tt5496244,418326.0,18.0,85.0,2016.0
tt0338852,425880.0,35.0,100.0,2003.0
tt2448374,413935.0,12.0,60.0,2013.0
tt5917230,418326.0,10749.0,84.0,2016.0
tt4065336,418326.0,10751.0,84.0,2014.0
tt0098066,216395.0,28.0,86.0,1989.0
tt0112374,312735.0,10402.0,92.0,1995.0
tt3000844,418326.0,35.0,120.0,2013.0
tt6047684,418326.0,18.0,84.0,2016.0
tt1657283,144689.0,18.0,110.0,2011.0
tt5317546,364344.0,10770.0,84.0,2016.0
tt0460793,25542.0,28.0,86.0,2005.0
tt1340418,25542.0,18.0,91.0,2009.0
tt0412366,25542.0,18.0,86.0,2004.0
tt3064620,25542.0,10751.0,99.0,2014.0
tt0828151,25542.0,18.0,85.0,2006.0
tt5822648,437451.0,35.0,92.0,2016.0
tt1734113,414000.0,16.0,89.0,2010.0
tt3627704,47770.0,878.0,87.0,2016.0
tt6041048,472917.0,10770.0,84.0,2016.0
tt3062096,115776.0,53.0,121.0,2016.0
tt4361050,426103.0,27.0,99.0,2016.0
tt1135972,347544.0,18.0,113.0,2007.0
tt1687241,347544.0,18.0,119.0,2010.0
tt4189294,386162.0,28.0,22.0,2014.0
tt0088757,161314.0,28.0,93.0,1985.0
tt0036959,259401.0,27.0,78.0,1944.0
tt5176536,246839.0,10402.0,,
tt4143270,364342.0,18.0,84.0,2016.0
tt3600960,364342.0,10770.0,84.0,2015.0
tt4041382,364342.0,18.0,84.0,2015.0
tt3393786,403374.0,28.0,118.0,2016.0
tt0295732,47627.0,878.0,85.0,2002.0
tt0100618,256296.0,27.0,90.0,1990.0
tt0790602,413731.0,28.0,90.0,2006.0
tt1798603,423173.0,35.0,87.0,2016.0
tt0814106,425435.0,16.0,36.0,2007.0
tt0062850,427627.0,10769.0,93.0,1968.0
tt0203433,427627.0,10769.0,97.0,1968.0
tt0228094,427627.0,10769.0,92.0,1968.0
tt0228092,427627.0,10769.0,87.0,1968.0
tt0228095,427627.0,10769.0,86.0,1968.0
tt0228093,427627.0,10769.0,85.0,1969.0
tt2141789,258372.0,16.0,75.0,2011.0
tt3338434,258372.0,16.0,85.0,2013.0
tt5315110,258372.0,10751.0,76.0,2016.0
tt0415481,122123.0,16.0,72.0,2004.0
tt0465967,122123.0,12.0,65.0,2006.0
tt0756316,158814.0,12.0,19.0,1968.0
tt3260022,304025.0,12.0,116.0,2014.0
tt0063765,123717.0,12.0,97.0,1968.0
tt5612702,386162.0,12.0,78.0,2016.0
tt1989454,166381.0,99.0,87.0,2011.0
tt3748528,10.0,28.0,133.0,2016.0
tt3717252,2326.0,28.0,91.0,2016.0
tt2888340,251383.0,35.0,29.0,2014.0
tt1523372,33059.0,80.0,92.0,2010.0
tt0089280,429826.0,27.0,92.0,1988.0
tt1099227,369380.0,35.0,96.0,2009.0
tt2220408,429232.0,35.0,87.0,2013.0
tt2592484,122123.0,16.0,65.0,2012.0
tt4544278,122123.0,12.0,75.0,2015.0
tt1796657,122123.0,16.0,73.0,2010.0
tt0086104,320064.0,18.0,105.0,1983.0
tt1978599,273099.0,80.0,80.0,2013.0
tt3311176,311102.0,35.0,95.0,2014.0
tt0287460,479319.0,35.0,56.0,2001.0
tt5873098,86066.0,35.0,4.0,2016.0
tt1131749,48188.0,53.0,95.0,2008.0
tt4685554,374930.0,10751.0,80.0,2016.0
tt0091293,155421.0,27.0,89.0,1986.0
tt1293847,52785.0,28.0,107.0,2017.0
tt4116284,325470.0,28.0,104.0,2017.0
tt1324027,101385.0,35.0,60.0,2008.0
tt5493706,434533.0,28.0,93.0,2017.0
tt5251328,23456.0,28.0,120.0,2016.0
tt4827290,25542.0,10751.0,,
tt1312251,87251.0,10770.0,85.0,2009.0
tt1560779,87251.0,18.0,84.0,2010.0
tt0498381,14563.0,27.0,102.0,2017.0
tt0155535,279715.0,80.0,90.0,1998.0
tt5084196,374202.0,16.0,68.0,2016.0
tt0019611,441443.0,18.0,90.0,1928.0
tt5084198,374202.0,16.0,82.0,2017.0
tt3212812,455278.0,35.0,96.0,2016.0
tt5017060,424842.0,9648.0,93.0,2016.0
tt4425200,404609.0,53.0,122.0,2017.0
tt3315342,453993.0,28.0,137.0,2017.0
tt2763304,424202.0,80.0,117.0,2017.0
tt0199554,479319.0,99.0,58.0,1986.0
tt0113349,174218.0,27.0,90.0,1995.0
tt2592614,17255.0,28.0,107.0,2016.0
tt5095510,129748.0,16.0,27.0,2016.0
tt4465564,344830.0,18.0,118.0,2017.0
tt1314170,264335.0,27.0,97.0,2010.0
tt3349578,436483.0,9648.0,100.0,2017.0
tt4956984,448758.0,35.0,98.0,2016.0
tt6078822,113589.0,53.0,13.0,2016.0
tt1417097,174995.0,18.0,117.0,2007.0
tt1685576,367092.0,18.0,123.0,2011.0
tt0059816,119240.0,27.0,85.0,1968.0
tt0456980,114374.0,16.0,95.0,2006.0
tt0456982,114374.0,28.0,,
tt1135522,114374.0,28.0,95.0,2007.0
tt0456981,114374.0,16.0,60.0,2008.0
tt0456978,114374.0,16.0,83.0,2008.0
tt0805605,109079.0,16.0,83.0,2004.0
tt0323869,109079.0,28.0,46.0,1987.0
tt0322918,109079.0,28.0,46.0,1988.0
tt0326143,109079.0,28.0,75.0,1988.0
tt0326101,109079.0,28.0,45.0,1989.0
tt5325196,403161.0,35.0,102.0,2015.0
tt0220301,132203.0,35.0,63.0,1994.0
tt0965457,129626.0,35.0,64.0,2004.0
tt1567243,129407.0,35.0,60.0,2005.0
tt1073499,129407.0,35.0,73.0,2007.0
tt5843670,473843.0,28.0,85.0,2016.0
tt3958276,473845.0,18.0,119.0,2014.0
tt0113075,384920.0,28.0,94.0,1995.0
tt0264079,429231.0,10751.0,90.0,2001.0
tt4110400,433140.0,12.0,105.0,2016.0
tt0109965,280562.0,878.0,127.0,1994.0
tt4932244,439596.0,27.0,85.0,2016.0
tt2316204,135416.0,27.0,122.0,2017.0
tt0076852,351667.0,35.0,105.0,1976.0
tt4831682,330075.0,28.0,55.0,2015.0
tt0096118,47391.0,27.0,80.0,1988.0
tt0318763,170452.0,28.0,81.0,2003.0
tt0374286,397382.0,28.0,94.0,2003.0
tt0233657,397382.0,878.0,96.0,2001.0
tt0339881,529.0,16.0,17.0,2002.0
tt0116033,45154.0,28.0,87.0,1996.0
tt0364376,138968.0,14.0,70.0,2005.0
tt0301454,237445.0,28.0,89.0,2003.0
tt0844894,9887.0,27.0,98.0,2007.0
tt0410650,9887.0,878.0,111.0,2004.0
tt0457993,97461.0,16.0,68.0,2005.0
tt0803093,286904.0,12.0,73.0,2006.0
tt0418131,87214.0,35.0,97.0,2005.0
tt0085672,314023.0,28.0,98.0,1983.0
tt0372884,129453.0,35.0,90.0,2004.0
tt0795376,129453.0,35.0,79.0,2006.0
tt1472059,129453.0,35.0,80.0,2009.0
tt3558642,239595.0,35.0,109.0,2014.0
tt0266437,197065.0,35.0,85.0,2000.0
tt0415678,106011.0,28.0,126.0,2005.0
tt2398241,134897.0,12.0,89.0,2017.0
tt2547210,294187.0,28.0,94.0,2014.0
tt0327890,115164.0,12.0,125.0,2003.0
tt6315800,466894.0,878.0,84.0,2017.0
tt0068271,422193.0,35.0,91.0,1972.0
tt6003368,86110.0,35.0,91.0,2017.0
tt4630562,9485.0,28.0,136.0,2017.0
tt1984279,144200.0,16.0,90.0,2012.0
tt0086874,441061.0,35.0,98.0,1984.0
tt0071486,41658.0,35.0,108.0,1975.0
tt3606752,87118.0,10751.0,109.0,2017.0
tt5776208,133352.0,28.0,97.0,2017.0
tt3344680,117777.0,53.0,87.0,2016.0
tt5781798,166373.0,28.0,,
tt0834581,145901.0,28.0,97.0,1989.0
tt0161634,476063.0,27.0,43.0,1985.0
tt0140859,288882.0,28.0,100.0,1989.0
tt0099271,96660.0,878.0,93.0,1990.0
tt0249853,479319.0,10770.0,82.0,1978.0
tt0248827,479319.0,35.0,59.0,1982.0
tt0249854,479319.0,10770.0,85.0,1977.0
tt0246642,479319.0,10770.0,60.0,1990.0
tt0248828,479319.0,35.0,59.0,1984.0
tt0246644,479319.0,35.0,59.0,1988.0
tt5327922,363092.0,12.0,118.0,2016.0
tt0093951,185667.0,99.0,19.0,1987.0
tt6193424,309300.0,18.0,115.0,2017.0
tt1521846,437439.0,53.0,125.0,2009.0
tt1865569,473977.0,35.0,,
tt0048554,221537.0,27.0,82.0,1955.0
tt5840988,107465.0,35.0,88.0,2016.0
tt1796603,107467.0,35.0,102.0,2011.0
tt5526660,431791.0,10749.0,80.0,2016.0
tt0110022,175858.0,80.0,91.0,1993.0
tt3784652,466004.0,35.0,96.0,2017.0
tt4849438,350309.0,28.0,161.0,2017.0
tt5242320,440769.0,10751.0,4.0,2015.0
tt0987918,107473.0,35.0,125.0,2007.0
tt1179067,107467.0,35.0,105.0,2008.0
tt0374887,44722.0,35.0,135.0,2003.0
tt1935897,397842.0,53.0,85.0,2017.0
tt2241403,108804.0,28.0,87.0,2013.0
tt1365048,395591.0,18.0,118.0,2011.0
tt0265010,404111.0,35.0,98.0,2002.0
tt6536944,224026.0,10751.0,72.0,2017.0
tt4779496,224026.0,16.0,72.0,2015.0
tt3159812,224026.0,10751.0,73.0,2013.0
tt5898034,224026.0,16.0,73.0,2016.0
tt4137924,224026.0,16.0,75.0,2015.0
tt3791266,224026.0,10751.0,,
tt3824344,224026.0,16.0,,
tt2650548,224026.0,16.0,46.0,2013.0
tt3565904,224026.0,10751.0,72.0,2014.0
tt2395337,224026.0,16.0,45.0,2012.0
tt2168938,224026.0,14.0,45.0,2011.0
tt2446108,224026.0,16.0,70.0,2012.0
tt2258465,162782.0,35.0,102.0,2012.0
tt3194426,298162.0,35.0,95.0,2013.0
tt0804551,299748.0,28.0,95.0,2007.0
tt2739884,106784.0,35.0,79.0,2013.0
tt0791635,415054.0,35.0,93.0,2005.0
tt0102574,415054.0,35.0,76.0,1990.0
tt0425468,134633.0,35.0,120.0,2004.0
tt0114465,351228.0,35.0,92.0,1994.0
tt0093649,297252.0,35.0,97.0,1987.0
tt0322389,126221.0,12.0,87.0,2003.0
tt0800328,332357.0,28.0,95.0,2007.0
tt0241146,112406.0,99.0,136.0,1998.0
tt0318960,112406.0,99.0,131.0,2001.0
tt0459759,106011.0,28.0,135.0,2007.0
tt0450158,93446.0,28.0,134.0,2005.0
tt3338268,315054.0,12.0,95.0,2013.0
tt0118824,8819.0,35.0,90.0,1997.0
tt1620549,106790.0,28.0,,
tt1590125,165778.0,10752.0,101.0,2010.0
tt1414840,107478.0,35.0,100.0,2008.0
tt1510274,106784.0,35.0,93.0,2010.0
tt1532382,106790.0,28.0,97.0,2009.0
tt0097244,170416.0,28.0,126.0,1989.0
tt6212346,402380.0,28.0,135.0,2016.0
tt0105185,478947.0,28.0,104.0,1992.0
tt0110908,478947.0,28.0,100.0,1994.0
tt3469046,86066.0,28.0,96.0,2017.0
tt0209074,158814.0,12.0,20.0,1970.0
tt1315584,219363.0,16.0,18.0,1980.0
tt1318414,219363.0,16.0,16.0,1984.0
tt0266821,107462.0,35.0,100.0,2000.0
tt0479728,137804.0,35.0,95.0,2006.0
tt3474600,473840.0,18.0,111.0,2014.0
tt1148261,23497.0,28.0,95.0,2007.0
tt1532261,416491.0,9648.0,91.0,2009.0
tt1139804,107462.0,35.0,76.0,2007.0
tt0402874,107461.0,28.0,115.0,2006.0
tt0396781,107462.0,35.0,86.0,2003.0
tt0459924,122780.0,53.0,88.0,2007.0
tt0976209,107478.0,35.0,100.0,2007.0
tt1259772,195071.0,12.0,,
tt1846473,298162.0,35.0,93.0,2011.0
tt0050118,394258.0,878.0,80.0,1957.0
tt6326286,424842.0,10770.0,88.0,2017.0
tt3450958,173710.0,18.0,140.0,2017.0
tt0259060,403603.0,35.0,92.0,2001.0
tt0107382,154752.0,16.0,90.0,1993.0
tt0179955,349336.0,16.0,96.0,1986.0
tt0108108,69788.0,28.0,102.0,1993.0
tt0107668,286948.0,878.0,94.0,1992.0
tt0090101,41658.0,35.0,92.0,1986.0
tt0218940,114916.0,16.0,66.0,1984.0
tt0075178,41658.0,35.0,110.0,1976.0
tt0066341,304809.0,18.0,90.0,1970.0
tt0074094,329220.0,35.0,89.0,1976.0
tt0407658,2794.0,28.0,34.0,2004.0
tt1043842,87800.0,16.0,105.0,2007.0
tt0069600,285428.0,12.0,210.0,1973.0
tt3136646,352020.0,18.0,,
tt1095166,267551.0,35.0,129.0,1974.0
tt0090371,142686.0,35.0,91.0,1985.0
tt5610626,169452.0,12.0,98.0,2017.0
tt0039826,321063.0,12.0,116.0,1947.0
tt2661788,154752.0,16.0,59.0,1992.0
tt2417712,476961.0,35.0,101.0,2017.0
tt0088002,238448.0,35.0,107.0,1984.0
tt0051851,421566.0,35.0,97.0,1958.0
tt0048639,284700.0,12.0,93.0,1955.0
tt0134661,363015.0,16.0,25.0,1976.0
tt0337812,97445.0,35.0,87.0,2003.0
tt0161220,97445.0,35.0,83.0,2001.0
tt0313680,106768.0,16.0,75.0,2002.0
tt0435286,34055.0,12.0,98.0,2004.0
tt3371366,8650.0,28.0,149.0,2017.0
tt1746246,315054.0,14.0,100.0,2010.0
tt4393278,315091.0,35.0,90.0,2015.0
tt2592500,162782.0,35.0,90.0,2012.0
tt3877844,107465.0,35.0,,
tt2649152,315091.0,35.0,87.0,2013.0
tt3121434,107465.0,35.0,97.0,2013.0
tt1666169,107478.0,35.0,94.0,2011.0
tt4450706,474012.0,10749.0,108.0,2015.0
tt0059049,11582.0,35.0,95.0,1965.0
tt0095241,205145.0,28.0,94.0,1987.0
tt5973984,196753.0,28.0,46.0,2015.0
tt0033017,421566.0,35.0,,
tt0055536,421566.0,35.0,90.0,1961.0
tt0231237,379475.0,16.0,132.0,1999.0
tt0199232,2704.0,36.0,240.0,1999.0
tt6203026,463112.0,10770.0,90.0,2016.0
tt0271527,104774.0,16.0,75.0,1987.0
tt4738174,417491.0,80.0,,
tt0146970,400500.0,16.0,20.0,1969.0
tt0408196,14246.0,18.0,97.0,2004.0
tt0251333,446792.0,16.0,18.0,1973.0
tt1814643,86066.0,16.0,4.0,2010.0
tt5029602,442352.0,35.0,95.0,2016.0
tt6014472,221111.0,28.0,89.0,2017.0
tt1810864,148603.0,35.0,,
tt0070649,304809.0,18.0,86.0,1973.0
tt0069234,304809.0,35.0,88.0,1972.0
tt0067717,304809.0,18.0,91.0,1971.0
tt0069233,304809.0,35.0,97.0,1972.0
tt0366905,11875.0,12.0,100.0,1969.0
tt5117876,466463.0,10770.0,111.0,2017.0
tt0086863,152918.0,14.0,166.0,1984.0
tt0098057,152918.0,14.0,148.0,1988.0
tt2441982,52888.0,35.0,110.0,2016.0
tt0061683,123720.0,27.0,92.0,1967.0
tt0061680,37261.0,35.0,95.0,1967.0
tt0064133,37261.0,35.0,88.0,1969.0
tt0074286,37261.0,35.0,89.0,1976.0
tt7158814,477208.0,16.0,,
tt0059292,200641.0,28.0,88.0,1965.0
